ons_code,local_authority,total_education_services,total_highways_and_transport_services,_source_file,_sheet_name,_ingested_at,_row_number
E07000223,Adur,0.0,-256.0,C:\Users\Frede\PycharmProjects\Aqueduct\data\0_raw\council_budget\Council_Budgets.xlsx,Worksheet 2: Revenue Account Budget (RA) 2025-26: Revenue Account data,2026-06-10 16:50:39.526497,10
E07000032,Amber Valley,0.0,324.0,C:\Users\Frede\PycharmProjects\Aqueduct\data\0_raw\council_budget\Council_Budgets.xlsx,Worksheet 2: Revenue Account Budget (RA) 2025-26: Revenue Account data,2026-06-10 16:50:39.526497,11
E07000224,Arun,0.0,-1047.0,C:\Users\Frede\PycharmProjects\Aqueduct\data\0_raw\council_budget\Council_Budgets.xlsx,Worksheet 2: Revenue Account Budget (RA) 2025-26: Revenue Account data,2026-06-10 16:50:39.526497,12
E07000170,Ashfield,0.0,1768.0,C:\Users\Frede\PycharmProjects\Aqueduct\data\0_raw\council_budget\Council_Budgets.xlsx,Worksheet 2: Revenue Account Budget (RA) 2025-26: Revenue Account data,2026-06-10 16:50:39.526497,13
E07000105,Ashford,0.0,-694.0,C:\Users\Frede\PycharmProjects\Aqueduct\data\0_raw\council_budget\Council_Budgets.xlsx,Worksheet 2: Revenue Account Budget (RA) 2025-26: Revenue Account data,2026-06-10 16:50:39.526497,14
E23000036,Avon & Somerset Police and Crime Commissioner and Chief Constable,0.0,0.0,C:\Users\Frede\PycharmProjects\Aqueduct\data\0_raw\council_budget\Council_Budgets.xlsx,Worksheet 2: Revenue Account Budget (RA) 2025-26: Revenue Account data,2026-06-10 16:50:39.526497,15
E31000001,Avon Combined Fire and Rescue Authority,0.0,0.0,C:\Users\Frede\PycharmProjects\Aqueduct\data\0_raw\council_budget\Council_Budgets.xlsx,Worksheet 2: Revenue Account Budget (RA) 2025-26: Revenue Account data,2026-06-10 16:50:39.526497,16
E07000200,Babergh,0.0,-145.0,C:\Users\Frede\PycharmProjects\Aqueduct\data\0_raw\council_budget\Council_Budgets.xlsx,Worksheet 2: Revenue Account Budget (RA) 2025-26: Revenue Account data,2026-06-10 16:50:39.526497,17
E09000002,Barking & Dagenham,355850.0,-1791.0,C:\Users\Frede\PycharmProjects\Aqueduct\data\0_raw\council_budget\Council_Budgets.xlsx,Worksheet 2: Revenue Account Budget (RA) 2025-26: Revenue Account data,2026-06-10 16:50:39.526497,18
E09000003,Barnet,312835.0,20398.0,C:\Users\Frede\PycharmProjects\Aqueduct\data\0_raw\council_budget\Council_Budgets.xlsx,Worksheet 2: Revenue Account Budget (RA) 2025-26: Revenue Account data,2026-06-10 16:50:39.526497,19
E08000038,Barnsley,188392.0,5056.0,C:\Users\Frede\PycharmProjects\Aqueduct\data\0_raw\council_budget\Council_Budgets.xlsx,Worksheet 2: Revenue Account Budget (RA) 2025-26: Revenue Account data,2026-06-10 16:50:39.526497,20
E07000066,Basildon,0.0,-195.0,C:\Users\Frede\PycharmProjects\Aqueduct\data\0_raw\council_budget\Council_Budgets.xlsx,Worksheet 2: Revenue Account Budget (RA) 2025-26: Revenue Account data,2026-06-10 16:50:39.526497,21
E07000084,Basingstoke & Deane,0.0,173.0,C:\Users\Frede\PycharmProjects\Aqueduct\data\0_raw\council_budget\Council_Budgets.xlsx,Worksheet 2: Revenue Account Budget (RA) 2025-26: Revenue Account data,2026-06-10 16:50:39.526497,22
E07000171,Bassetlaw,0.0,-323.0,C:\Users\Frede\PycharmProjects\Aqueduct\data\0_raw\council_budget\Council_Budgets.xlsx,Worksheet 2: Revenue Account Budget (RA) 2025-26: Revenue Account data,2026-06-10 16:50:39.526497,23
E06000022,Bath & North East Somerset,102430.0,-325.0,C:\Users\Frede\PycharmProjects\Aqueduct\data\0_raw\council_budget\Council_Budgets.xlsx,Worksheet 2: Revenue Account Budget (RA) 2025-26: Revenue Account data,2026-06-10 16:50:39.526497,24
E06000055,Bedford,133029.0,11435.0,C:\Users\Frede\PycharmProjects\Aqueduct\data\0_raw\council_budget\Council_Budgets.xlsx,Worksheet 2: Revenue Account Budget (RA) 2025-26: Revenue Account data,2026-06-10 16:50:39.526497,25
E31000002,Bedfordshire Combined Fire Authority,0.0,0.0,C:\Users\Frede\PycharmProjects\Aqueduct\data\0_raw\council_budget\Council_Budgets.xlsx,Worksheet 2: Revenue Account Budget (RA) 2025-26: Revenue Account data,2026-06-10 16:50:39.526497,26
E23000026,Bedfordshire Police and Crime Commissioner and Chief Constable,0.0,0.0,C:\Users\Frede\PycharmProjects\Aqueduct\data\0_raw\council_budget\Council_Budgets.xlsx,Worksheet 2: Revenue Account Budget (RA) 2025-26: Revenue Account data,2026-06-10 16:50:39.526497,27
E31000003,Royal Berkshire Fire & Rescue Authority,0.0,0.0,C:\Users\Frede\PycharmProjects\Aqueduct\data\0_raw\council_budget\Council_Budgets.xlsx,Worksheet 2: Revenue Account Budget (RA) 2025-26: Revenue Account data,2026-06-10 16:50:39.526497,28
E09000004,Bexley,156870.0,6592.0,C:\Users\Frede\PycharmProjects\Aqueduct\data\0_raw\council_budget\Council_Budgets.xlsx,Worksheet 2: Revenue Account Budget (RA) 2025-26: Revenue Account data,2026-06-10 16:50:39.526497,29
E08000025,Birmingham,1008528.0,124243.0,C:\Users\Frede\PycharmProjects\Aqueduct\data\0_raw\council_budget\Council_Budgets.xlsx,Worksheet 2: Revenue Account Budget (RA) 2025-26: Revenue Account data,2026-06-10 16:50:39.526497,30
E07000129,Blaby,0.0,86.0,C:\Users\Frede\PycharmProjects\Aqueduct\data\0_raw\council_budget\Council_Budgets.xlsx,Worksheet 2: Revenue Account Budget (RA) 2025-26: Revenue Account data,2026-06-10 16:50:39.526497,31
E06000008,Blackburn with Darwen,153840.0,6793.0,C:\Users\Frede\PycharmProjects\Aqueduct\data\0_raw\council_budget\Council_Budgets.xlsx,Worksheet 2: Revenue Account Budget (RA) 2025-26: Revenue Account data,2026-06-10 16:50:39.526497,32
E06000009,Blackpool,75658.0,9438.0,C:\Users\Frede\PycharmProjects\Aqueduct\data\0_raw\council_budget\Council_Budgets.xlsx,Worksheet 2: Revenue Account Budget (RA) 2025-26: Revenue Account data,2026-06-10 16:50:39.526497,33
E07000033,Bolsover,0.0,376.0,C:\Users\Frede\PycharmProjects\Aqueduct\data\0_raw\council_budget\Council_Budgets.xlsx,Worksheet 2: Revenue Account Budget (RA) 2025-26: Revenue Account data,2026-06-10 16:50:39.526497,34
E08000001,Bolton,302055.0,6967.0,C:\Users\Frede\PycharmProjects\Aqueduct\data\0_raw\council_budget\Council_Budgets.xlsx,Worksheet 2: Revenue Account Budget (RA) 2025-26: Revenue Account data,2026-06-10 16:50:39.526497,35
E07000136,Boston,0.0,-400.0,C:\Users\Frede\PycharmProjects\Aqueduct\data\0_raw\council_budget\Council_Budgets.xlsx,Worksheet 2: Revenue Account Budget (RA) 2025-26: Revenue Account data,2026-06-10 16:50:39.526497,36
E06000058,"Bournemouth, Christchurch & Poole",181146.0,4878.0,C:\Users\Frede\PycharmProjects\Aqueduct\data\0_raw\council_budget\Council_Budgets.xlsx,Worksheet 2: Revenue Account Budget (RA) 2025-26: Revenue Account data,2026-06-10 16:50:39.526497,37
E06000036,Bracknell Forest,118567.0,7705.0,C:\Users\Frede\PycharmProjects\Aqueduct\data\0_raw\council_budget\Council_Budgets.xlsx,Worksheet 2: Revenue Account Budget (RA) 2025-26: Revenue Account data,2026-06-10 16:50:39.526497,38
E08000032,Bradford,408201.0,11860.0,C:\Users\Frede\PycharmProjects\Aqueduct\data\0_raw\council_budget\Council_Budgets.xlsx,Worksheet 2: Revenue Account Budget (RA) 2025-26: Revenue Account data,2026-06-10 16:50:39.526497,39
E07000067,Braintree,0.0,-506.0,C:\Users\Frede\PycharmProjects\Aqueduct\data\0_raw\council_budget\Council_Budgets.xlsx,Worksheet 2: Revenue Account Budget (RA) 2025-26: Revenue Account data,2026-06-10 16:50:39.526497,40
E07000143,Breckland,0.0,487.0,C:\Users\Frede\PycharmProjects\Aqueduct\data\0_raw\council_budget\Council_Budgets.xlsx,Worksheet 2: Revenue Account Budget (RA) 2025-26: Revenue Account data,2026-06-10 16:50:39.526497,41
E09000005,Brent,293140.0,14182.0,C:\Users\Frede\PycharmProjects\Aqueduct\data\0_raw\council_budget\Council_Budgets.xlsx,Worksheet 2: Revenue Account Budget (RA) 2025-26: Revenue Account data,2026-06-10 16:50:39.526497,42
E07000068,Brentwood,0.0,-197.0,C:\Users\Frede\PycharmProjects\Aqueduct\data\0_raw\council_budget\Council_Budgets.xlsx,Worksheet 2: Revenue Account Budget (RA) 2025-26: Revenue Account data,2026-06-10 16:50:39.526497,43
E06000043,Brighton & Hove,274282.0,-4449.0,C:\Users\Frede\PycharmProjects\Aqueduct\data\0_raw\council_budget\Council_Budgets.xlsx,Worksheet 2: Revenue Account Budget (RA) 2025-26: Revenue Account data,2026-06-10 16:50:39.526497,44
E06000023,Bristol,311526.0,12933.0,C:\Users\Frede\PycharmProjects\Aqueduct\data\0_raw\council_budget\Council_Budgets.xlsx,Worksheet 2: Revenue Account Budget (RA) 2025-26: Revenue Account data,2026-06-10 16:50:39.526497,45
E07000144,Broadland,0.0,84.0,C:\Users\Frede\PycharmProjects\Aqueduct\data\0_raw\council_budget\Council_Budgets.xlsx,Worksheet 2: Revenue Account Budget (RA) 2025-26: Revenue Account data,2026-06-10 16:50:39.526497,46
E09000006,Bromley,171555.0,12022.0,C:\Users\Frede\PycharmProjects\Aqueduct\data\0_raw\council_budget\Council_Budgets.xlsx,Worksheet 2: Revenue Account Budget (RA) 2025-26: Revenue Account data,2026-06-10 16:50:39.526497,47
E07000234,Bromsgrove,0.0,623.0,C:\Users\Frede\PycharmProjects\Aqueduct\data\0_raw\council_budget\Council_Budgets.xlsx,Worksheet 2: Revenue Account Budget (RA) 2025-26: Revenue Account data,2026-06-10 16:50:39.526497,48
E07000095,Broxbourne,0.0,2201.0,C:\Users\Frede\PycharmProjects\Aqueduct\data\0_raw\council_budget\Council_Budgets.xlsx,Worksheet 2: Revenue Account Budget (RA) 2025-26: Revenue Account data,2026-06-10 16:50:39.526497,49
E07000172,Broxtowe,0.0,253.0,C:\Users\Frede\PycharmProjects\Aqueduct\data\0_raw\council_budget\Council_Budgets.xlsx,Worksheet 2: Revenue Account Budget (RA) 2025-26: Revenue Account data,2026-06-10 16:50:39.526497,50
E31000004,Buckinghamshire & Milton Keynes Combined Fire Authority,0.0,0.0,C:\Users\Frede\PycharmProjects\Aqueduct\data\0_raw\council_budget\Council_Budgets.xlsx,Worksheet 2: Revenue Account Budget (RA) 2025-26: Revenue Account data,2026-06-10 16:50:39.526497,51
E06000060,Buckinghamshire,499710.0,43159.0,C:\Users\Frede\PycharmProjects\Aqueduct\data\0_raw\council_budget\Council_Budgets.xlsx,Worksheet 2: Revenue Account Budget (RA) 2025-26: Revenue Account data,2026-06-10 16:50:39.526497,52
E07000117,Burnley,0.0,-189.0,C:\Users\Frede\PycharmProjects\Aqueduct\data\0_raw\council_budget\Council_Budgets.xlsx,Worksheet 2: Revenue Account Budget (RA) 2025-26: Revenue Account data,2026-06-10 16:50:39.526497,53
E08000002,Bury,152807.0,4999.0,C:\Users\Frede\PycharmProjects\Aqueduct\data\0_raw\council_budget\Council_Budgets.xlsx,Worksheet 2: Revenue Account Budget (RA) 2025-26: Revenue Account data,2026-06-10 16:50:39.526497,54
E08000033,Calderdale,153343.0,6349.0,C:\Users\Frede\PycharmProjects\Aqueduct\data\0_raw\council_budget\Council_Budgets.xlsx,Worksheet 2: Revenue Account Budget (RA) 2025-26: Revenue Account data,2026-06-10 16:50:39.526497,55
E07000008,Cambridge,0.0,-4475.0,C:\Users\Frede\PycharmProjects\Aqueduct\data\0_raw\council_budget\Council_Budgets.xlsx,Worksheet 2: Revenue Account Budget (RA) 2025-26: Revenue Account data,2026-06-10 16:50:39.526497,56
E47000008,Cambridgeshire and Peterborough Combined Authority,25014.0,43378.0,C:\Users\Frede\PycharmProjects\Aqueduct\data\0_raw\council_budget\Council_Budgets.xlsx,Worksheet 2: Revenue Account Budget (RA) 2025-26: Revenue Account data,2026-06-10 16:50:39.526497,57
E10000003,Cambridgeshire,450799.0,29177.0,C:\Users\Frede\PycharmProjects\Aqueduct\data\0_raw\council_budget\Council_Budgets.xlsx,Worksheet 2: Revenue Account Budget (RA) 2025-26: Revenue Account data,2026-06-10 16:50:39.526497,58
E31000005,Cambridgeshire Combined Fire Authority,0.0,0.0,C:\Users\Frede\PycharmProjects\Aqueduct\data\0_raw\council_budget\Council_Budgets.xlsx,Worksheet 2: Revenue Account Budget (RA) 2025-26: Revenue Account data,2026-06-10 16:50:39.526497,59
E23000023,Cambridgeshire Police and Crime Commissioner and Chief Constable,0.0,0.0,C:\Users\Frede\PycharmProjects\Aqueduct\data\0_raw\council_budget\Council_Budgets.xlsx,Worksheet 2: Revenue Account Budget (RA) 2025-26: Revenue Account data,2026-06-10 16:50:39.526497,60
E09000007,Camden,247852.0,-17522.0,C:\Users\Frede\PycharmProjects\Aqueduct\data\0_raw\council_budget\Council_Budgets.xlsx,Worksheet 2: Revenue Account Budget (RA) 2025-26: Revenue Account data,2026-06-10 16:50:39.526497,61
E07000192,Cannock Chase,0.0,-179.0,C:\Users\Frede\PycharmProjects\Aqueduct\data\0_raw\council_budget\Council_Budgets.xlsx,Worksheet 2: Revenue Account Budget (RA) 2025-26: Revenue Account data,2026-06-10 16:50:39.526497,62
E07000106,Canterbury,0.0,-5790.0,C:\Users\Frede\PycharmProjects\Aqueduct\data\0_raw\council_budget\Council_Budgets.xlsx,Worksheet 2: Revenue Account Budget (RA) 2025-26: Revenue Account data,2026-06-10 16:50:39.526497,63
E07000069,Castle Point,0.0,552.0,C:\Users\Frede\PycharmProjects\Aqueduct\data\0_raw\council_budget\Council_Budgets.xlsx,Worksheet 2: Revenue Account Budget (RA) 2025-26: Revenue Account data,2026-06-10 16:50:39.526497,64
E06000056,Central Bedfordshire,206567.0,14883.0,C:\Users\Frede\PycharmProjects\Aqueduct\data\0_raw\council_budget\Council_Budgets.xlsx,Worksheet 2: Revenue Account Budget (RA) 2025-26: Revenue Account data,2026-06-10 16:50:39.526497,65
E07000130,Charnwood,0.0,626.0,C:\Users\Frede\PycharmProjects\Aqueduct\data\0_raw\council_budget\Council_Budgets.xlsx,Worksheet 2: Revenue Account Budget (RA) 2025-26: Revenue Account data,2026-06-10 16:50:39.526497,66
E07000070,Chelmsford,0.0,-5013.0,C:\Users\Frede\PycharmProjects\Aqueduct\data\0_raw\council_budget\Council_Budgets.xlsx,Worksheet 2: Revenue Account Budget (RA) 2025-26: Revenue Account data,2026-06-10 16:50:39.526497,67
E07000078,Cheltenham,0.0,-3247.0,C:\Users\Frede\PycharmProjects\Aqueduct\data\0_raw\council_budget\Council_Budgets.xlsx,Worksheet 2: Revenue Account Budget (RA) 2025-26: Revenue Account data,2026-06-10 16:50:39.526497,68
E07000177,Cherwell,0.0,21.0,C:\Users\Frede\PycharmProjects\Aqueduct\data\0_raw\council_budget\Council_Budgets.xlsx,Worksheet 2: Revenue Account Budget (RA) 2025-26: Revenue Account data,2026-06-10 16:50:39.526497,69
E31000006,Cheshire Fire & Rescue Authority,0.0,0.0,C:\Users\Frede\PycharmProjects\Aqueduct\data\0_raw\council_budget\Council_Budgets.xlsx,Worksheet 2: Revenue Account Budget (RA) 2025-26: Revenue Account data,2026-06-10 16:50:39.526497,70
E06000049,Cheshire East,288979.0,27182.0,C:\Users\Frede\PycharmProjects\Aqueduct\data\0_raw\council_budget\Council_Budgets.xlsx,Worksheet 2: Revenue Account Budget (RA) 2025-26: Revenue Account data,2026-06-10 16:50:39.526497,71
E23000006,Cheshire Police and Crime Commissioner,0.0,0.0,C:\Users\Frede\PycharmProjects\Aqueduct\data\0_raw\council_budget\Council_Budgets.xlsx,Worksheet 2: Revenue Account Budget (RA) 2025-26: Revenue Account data,2026-06-10 16:50:39.526497,72
E06000050,Cheshire West & Chester,311075.0,14332.0,C:\Users\Frede\PycharmProjects\Aqueduct\data\0_raw\council_budget\Council_Budgets.xlsx,Worksheet 2: Revenue Account Budget (RA) 2025-26: Revenue Account data,2026-06-10 16:50:39.526497,73
E07000034,Chesterfield,,,C:\Users\Frede\PycharmProjects\Aqueduct\data\0_raw\council_budget\Council_Budgets.xlsx,Worksheet 2: Revenue Account Budget (RA) 2025-26: Revenue Account data,2026-06-10 16:50:39.526497,74
E07000225,Chichester,0.0,-5121.0,C:\Users\Frede\PycharmProjects\Aqueduct\data\0_raw\council_budget\Council_Budgets.xlsx,Worksheet 2: Revenue Account Budget (RA) 2025-26: Revenue Account data,2026-06-10 16:50:39.526497,75
E07000118,Chorley,0.0,-3.0,C:\Users\Frede\PycharmProjects\Aqueduct\data\0_raw\council_budget\Council_Budgets.xlsx,Worksheet 2: Revenue Account Budget (RA) 2025-26: Revenue Account data,2026-06-10 16:50:39.526497,76
E09000001,City of London,5388.0,-1153.0,C:\Users\Frede\PycharmProjects\Aqueduct\data\0_raw\council_budget\Council_Budgets.xlsx,Worksheet 2: Revenue Account Budget (RA) 2025-26: Revenue Account data,2026-06-10 16:50:39.526497,77
E31000007,Cleveland Fire & Rescue Authority,0.0,0.0,C:\Users\Frede\PycharmProjects\Aqueduct\data\0_raw\council_budget\Council_Budgets.xlsx,Worksheet 2: Revenue Account Budget (RA) 2025-26: Revenue Account data,2026-06-10 16:50:39.526497,78
E23000013,Cleveland Police and Crime Commissioner,0.0,0.0,C:\Users\Frede\PycharmProjects\Aqueduct\data\0_raw\council_budget\Council_Budgets.xlsx,Worksheet 2: Revenue Account Budget (RA) 2025-26: Revenue Account data,2026-06-10 16:50:39.526497,79
E07000071,Colchester,0.0,-1702.0,C:\Users\Frede\PycharmProjects\Aqueduct\data\0_raw\council_budget\Council_Budgets.xlsx,Worksheet 2: Revenue Account Budget (RA) 2025-26: Revenue Account data,2026-06-10 16:50:39.526497,80
E06000052,Cornwall,317741.0,35576.0,C:\Users\Frede\PycharmProjects\Aqueduct\data\0_raw\council_budget\Council_Budgets.xlsx,Worksheet 2: Revenue Account Budget (RA) 2025-26: Revenue Account data,2026-06-10 16:50:39.526497,81
E07000079,Cotswold,0.0,-2337.0,C:\Users\Frede\PycharmProjects\Aqueduct\data\0_raw\council_budget\Council_Budgets.xlsx,Worksheet 2: Revenue Account Budget (RA) 2025-26: Revenue Account data,2026-06-10 16:50:39.526497,82
E08000026,Coventry,293676.0,19047.0,C:\Users\Frede\PycharmProjects\Aqueduct\data\0_raw\council_budget\Council_Budgets.xlsx,Worksheet 2: Revenue Account Budget (RA) 2025-26: Revenue Account data,2026-06-10 16:50:39.526497,83
E07000226,Crawley,0.0,108.0,C:\Users\Frede\PycharmProjects\Aqueduct\data\0_raw\council_budget\Council_Budgets.xlsx,Worksheet 2: Revenue Account Budget (RA) 2025-26: Revenue Account data,2026-06-10 16:50:39.526497,84
E09000008,Croydon,272141.0,8080.0,C:\Users\Frede\PycharmProjects\Aqueduct\data\0_raw\council_budget\Council_Budgets.xlsx,Worksheet 2: Revenue Account Budget (RA) 2025-26: Revenue Account data,2026-06-10 16:50:39.526497,85
E06000063,Cumberland,,,C:\Users\Frede\PycharmProjects\Aqueduct\data\0_raw\council_budget\Council_Budgets.xlsx,Worksheet 2: Revenue Account Budget (RA) 2025-26: Revenue Account data,2026-06-10 16:50:39.526497,86
E31000009,Cumbria PFCC - Fire,0.0,0.0,C:\Users\Frede\PycharmProjects\Aqueduct\data\0_raw\council_budget\Council_Budgets.xlsx,Worksheet 2: Revenue Account Budget (RA) 2025-26: Revenue Account data,2026-06-10 16:50:39.526497,87
E23000002,Cumbria PFCC - Police,0.0,0.0,C:\Users\Frede\PycharmProjects\Aqueduct\data\0_raw\council_budget\Council_Budgets.xlsx,Worksheet 2: Revenue Account Budget (RA) 2025-26: Revenue Account data,2026-06-10 16:50:39.526497,88
E07000096,Dacorum,0.0,-755.0,C:\Users\Frede\PycharmProjects\Aqueduct\data\0_raw\council_budget\Council_Budgets.xlsx,Worksheet 2: Revenue Account Budget (RA) 2025-26: Revenue Account data,2026-06-10 16:50:39.526497,89
E06000005,Darlington,49582.0,6507.0,C:\Users\Frede\PycharmProjects\Aqueduct\data\0_raw\council_budget\Council_Budgets.xlsx,Worksheet 2: Revenue Account Budget (RA) 2025-26: Revenue Account data,2026-06-10 16:50:39.526497,90
E07000107,Dartford,0.0,124.0,C:\Users\Frede\PycharmProjects\Aqueduct\data\0_raw\council_budget\Council_Budgets.xlsx,Worksheet 2: Revenue Account Budget (RA) 2025-26: Revenue Account data,2026-06-10 16:50:39.526497,91
E26000001,Dartmoor National Park Authority,0.0,-189.0,C:\Users\Frede\PycharmProjects\Aqueduct\data\0_raw\council_budget\Council_Budgets.xlsx,Worksheet 2: Revenue Account Budget (RA) 2025-26: Revenue Account data,2026-06-10 16:50:39.526497,92
E06000015,Derby,201127.0,11857.0,C:\Users\Frede\PycharmProjects\Aqueduct\data\0_raw\council_budget\Council_Budgets.xlsx,Worksheet 2: Revenue Account Budget (RA) 2025-26: Revenue Account data,2026-06-10 16:50:39.526497,93
E10000007,Derbyshire,615138.0,45399.0,C:\Users\Frede\PycharmProjects\Aqueduct\data\0_raw\council_budget\Council_Budgets.xlsx,Worksheet 2: Revenue Account Budget (RA) 2025-26: Revenue Account data,2026-06-10 16:50:39.526497,94
E31000010,Derbyshire Fire & Rescue Authority,0.0,0.0,C:\Users\Frede\PycharmProjects\Aqueduct\data\0_raw\council_budget\Council_Budgets.xlsx,Worksheet 2: Revenue Account Budget (RA) 2025-26: Revenue Account data,2026-06-10 16:50:39.526497,95
E07000035,Derbyshire Dales,0.0,-1820.0,C:\Users\Frede\PycharmProjects\Aqueduct\data\0_raw\council_budget\Council_Budgets.xlsx,Worksheet 2: Revenue Account Budget (RA) 2025-26: Revenue Account data,2026-06-10 16:50:39.526497,96
E23000018,Derbyshire Police and Crime Commissioner,0.0,0.0,C:\Users\Frede\PycharmProjects\Aqueduct\data\0_raw\council_budget\Council_Budgets.xlsx,Worksheet 2: Revenue Account Budget (RA) 2025-26: Revenue Account data,2026-06-10 16:50:39.526497,97
E23000035,Devon & Cornwall Police and Crime Commissioner,0.0,0.0,C:\Users\Frede\PycharmProjects\Aqueduct\data\0_raw\council_budget\Council_Budgets.xlsx,Worksheet 2: Revenue Account Budget (RA) 2025-26: Revenue Account data,2026-06-10 16:50:39.526497,98
E31000011,Devon & Somerset Fire & Rescue Authority,0.0,0.0,C:\Users\Frede\PycharmProjects\Aqueduct\data\0_raw\council_budget\Council_Budgets.xlsx,Worksheet 2: Revenue Account Budget (RA) 2025-26: Revenue Account data,2026-06-10 16:50:39.526497,99
E47000015,Devon & Torbay Combined County Authority,0.0,0.0,C:\Users\Frede\PycharmProjects\Aqueduct\data\0_raw\council_budget\Council_Budgets.xlsx,Worksheet 2: Revenue Account Budget (RA) 2025-26: Revenue Account data,2026-06-10 16:50:39.526497,100
E10000008,Devon,521555.0,62727.0,C:\Users\Frede\PycharmProjects\Aqueduct\data\0_raw\council_budget\Council_Budgets.xlsx,Worksheet 2: Revenue Account Budget (RA) 2025-26: Revenue Account data,2026-06-10 16:50:39.526497,101
E08000017,Doncaster,160280.0,11137.0,C:\Users\Frede\PycharmProjects\Aqueduct\data\0_raw\council_budget\Council_Budgets.xlsx,Worksheet 2: Revenue Account Budget (RA) 2025-26: Revenue Account data,2026-06-10 16:50:39.526497,102
E31000047,Dorset and Wiltshire Fire & Rescue Authority,0.0,0.0,C:\Users\Frede\PycharmProjects\Aqueduct\data\0_raw\council_budget\Council_Budgets.xlsx,Worksheet 2: Revenue Account Budget (RA) 2025-26: Revenue Account data,2026-06-10 16:50:39.526497,103
E23000039,Dorset Police and Crime Commissioner,0.0,0.0,C:\Users\Frede\PycharmProjects\Aqueduct\data\0_raw\council_budget\Council_Budgets.xlsx,Worksheet 2: Revenue Account Budget (RA) 2025-26: Revenue Account data,2026-06-10 16:50:39.526497,104
E06000059,Dorset UA,225094.0,19612.0,C:\Users\Frede\PycharmProjects\Aqueduct\data\0_raw\council_budget\Council_Budgets.xlsx,Worksheet 2: Revenue Account Budget (RA) 2025-26: Revenue Account data,2026-06-10 16:50:39.526497,105
E07000108,Dover,0.0,-1323.0,C:\Users\Frede\PycharmProjects\Aqueduct\data\0_raw\council_budget\Council_Budgets.xlsx,Worksheet 2: Revenue Account Budget (RA) 2025-26: Revenue Account data,2026-06-10 16:50:39.526497,106
E08000027,Dudley,236037.0,11336.0,C:\Users\Frede\PycharmProjects\Aqueduct\data\0_raw\council_budget\Council_Budgets.xlsx,Worksheet 2: Revenue Account Budget (RA) 2025-26: Revenue Account data,2026-06-10 16:50:39.526497,107
E31000013,Durham Fire & Rescue Authority,0.0,0.0,C:\Users\Frede\PycharmProjects\Aqueduct\data\0_raw\council_budget\Council_Budgets.xlsx,Worksheet 2: Revenue Account Budget (RA) 2025-26: Revenue Account data,2026-06-10 16:50:39.526497,108
E23000008,Durham Police and Crime Commissioner,0.0,0.0,C:\Users\Frede\PycharmProjects\Aqueduct\data\0_raw\council_budget\Council_Budgets.xlsx,Worksheet 2: Revenue Account Budget (RA) 2025-26: Revenue Account data,2026-06-10 16:50:39.526497,109
E06000047,Durham,413501.0,20232.0,C:\Users\Frede\PycharmProjects\Aqueduct\data\0_raw\council_budget\Council_Budgets.xlsx,Worksheet 2: Revenue Account Budget (RA) 2025-26: Revenue Account data,2026-06-10 16:50:39.526497,110
E09000009,Ealing,431899.0,5080.0,C:\Users\Frede\PycharmProjects\Aqueduct\data\0_raw\council_budget\Council_Budgets.xlsx,Worksheet 2: Revenue Account Budget (RA) 2025-26: Revenue Account data,2026-06-10 16:50:39.526497,111
E07000009,East Cambridgeshire,0.0,262.0,C:\Users\Frede\PycharmProjects\Aqueduct\data\0_raw\council_budget\Council_Budgets.xlsx,Worksheet 2: Revenue Account Budget (RA) 2025-26: Revenue Account data,2026-06-10 16:50:39.526497,112
E07000040,East Devon,0.0,-3473.0,C:\Users\Frede\PycharmProjects\Aqueduct\data\0_raw\council_budget\Council_Budgets.xlsx,Worksheet 2: Revenue Account Budget (RA) 2025-26: Revenue Account data,2026-06-10 16:50:39.526497,113
E07000085,East Hampshire,0.0,-1740.0,C:\Users\Frede\PycharmProjects\Aqueduct\data\0_raw\council_budget\Council_Budgets.xlsx,Worksheet 2: Revenue Account Budget (RA) 2025-26: Revenue Account data,2026-06-10 16:50:39.526497,114
E07000242,East Hertfordshire,0.0,-1922.0,C:\Users\Frede\PycharmProjects\Aqueduct\data\0_raw\council_budget\Council_Budgets.xlsx,Worksheet 2: Revenue Account Budget (RA) 2025-26: Revenue Account data,2026-06-10 16:50:39.526497,115
E07000137,East Lindsey,0.0,-1498.0,C:\Users\Frede\PycharmProjects\Aqueduct\data\0_raw\council_budget\Council_Budgets.xlsx,Worksheet 2: Revenue Account Budget (RA) 2025-26: Revenue Account data,2026-06-10 16:50:39.526497,116
E50000001,East London Waste Authority,0.0,0.0,C:\Users\Frede\PycharmProjects\Aqueduct\data\0_raw\council_budget\Council_Budgets.xlsx,Worksheet 2: Revenue Account Budget (RA) 2025-26: Revenue Account data,2026-06-10 16:50:39.526497,117
E47000013,East Midlands Combined Authority,48362.0,60874.0,C:\Users\Frede\PycharmProjects\Aqueduct\data\0_raw\council_budget\Council_Budgets.xlsx,Worksheet 2: Revenue Account Budget (RA) 2025-26: Revenue Account data,2026-06-10 16:50:39.526497,118
E06000011,East Riding of Yorkshire,281704.0,25019.0,C:\Users\Frede\PycharmProjects\Aqueduct\data\0_raw\council_budget\Council_Budgets.xlsx,Worksheet 2: Revenue Account Budget (RA) 2025-26: Revenue Account data,2026-06-10 16:50:39.526497,119
E07000193,East Staffordshire,0.0,204.0,C:\Users\Frede\PycharmProjects\Aqueduct\data\0_raw\council_budget\Council_Budgets.xlsx,Worksheet 2: Revenue Account Budget (RA) 2025-26: Revenue Account data,2026-06-10 16:50:39.526497,120
E07000244,East Suffolk,0.0,-968.0,C:\Users\Frede\PycharmProjects\Aqueduct\data\0_raw\council_budget\Council_Budgets.xlsx,Worksheet 2: Revenue Account Budget (RA) 2025-26: Revenue Account data,2026-06-10 16:50:39.526497,121
E10000011,East Sussex,346380.0,39441.0,C:\Users\Frede\PycharmProjects\Aqueduct\data\0_raw\council_budget\Council_Budgets.xlsx,Worksheet 2: Revenue Account Budget (RA) 2025-26: Revenue Account data,2026-06-10 16:50:39.526497,122
E31000014,East Sussex Fire & Rescue Authority,0.0,0.0,C:\Users\Frede\PycharmProjects\Aqueduct\data\0_raw\council_budget\Council_Budgets.xlsx,Worksheet 2: Revenue Account Budget (RA) 2025-26: Revenue Account data,2026-06-10 16:50:39.526497,123
E07000061,Eastbourne,0.0,-490.0,C:\Users\Frede\PycharmProjects\Aqueduct\data\0_raw\council_budget\Council_Budgets.xlsx,Worksheet 2: Revenue Account Budget (RA) 2025-26: Revenue Account data,2026-06-10 16:50:39.526497,124
E07000086,Eastleigh,0.0,-302.0,C:\Users\Frede\PycharmProjects\Aqueduct\data\0_raw\council_budget\Council_Budgets.xlsx,Worksheet 2: Revenue Account Budget (RA) 2025-26: Revenue Account data,2026-06-10 16:50:39.526497,125
E07000207,Elmbridge,0.0,-2444.0,C:\Users\Frede\PycharmProjects\Aqueduct\data\0_raw\council_budget\Council_Budgets.xlsx,Worksheet 2: Revenue Account Budget (RA) 2025-26: Revenue Account data,2026-06-10 16:50:39.526497,126
E09000010,Enfield,329293.0,11729.0,C:\Users\Frede\PycharmProjects\Aqueduct\data\0_raw\council_budget\Council_Budgets.xlsx,Worksheet 2: Revenue Account Budget (RA) 2025-26: Revenue Account data,2026-06-10 16:50:39.526497,127
E07000072,Epping Forest,0.0,1002.0,C:\Users\Frede\PycharmProjects\Aqueduct\data\0_raw\council_budget\Council_Budgets.xlsx,Worksheet 2: Revenue Account Budget (RA) 2025-26: Revenue Account data,2026-06-10 16:50:39.526497,128
E07000208,Epsom & Ewell,0.0,-2433.0,C:\Users\Frede\PycharmProjects\Aqueduct\data\0_raw\council_budget\Council_Budgets.xlsx,Worksheet 2: Revenue Account Budget (RA) 2025-26: Revenue Account data,2026-06-10 16:50:39.526497,129
E07000036,Erewash,0.0,-443.0,C:\Users\Frede\PycharmProjects\Aqueduct\data\0_raw\council_budget\Council_Budgets.xlsx,Worksheet 2: Revenue Account Budget (RA) 2025-26: Revenue Account data,2026-06-10 16:50:39.526497,130
E10000012,Essex,915446.0,98689.0,C:\Users\Frede\PycharmProjects\Aqueduct\data\0_raw\council_budget\Council_Budgets.xlsx,Worksheet 2: Revenue Account Budget (RA) 2025-26: Revenue Account data,2026-06-10 16:50:39.526497,131
E31000015,"Essex Police, Fire and Crime Commissioner - Fire",0.0,0.0,C:\Users\Frede\PycharmProjects\Aqueduct\data\0_raw\council_budget\Council_Budgets.xlsx,Worksheet 2: Revenue Account Budget (RA) 2025-26: Revenue Account data,2026-06-10 16:50:39.526497,132
E23000028,"Essex Police, Fire and Crime Commissioner - Police",0.0,0.0,C:\Users\Frede\PycharmProjects\Aqueduct\data\0_raw\council_budget\Council_Budgets.xlsx,Worksheet 2: Revenue Account Budget (RA) 2025-26: Revenue Account data,2026-06-10 16:50:39.526497,133
E07000041,Exeter,0.0,-6716.0,C:\Users\Frede\PycharmProjects\Aqueduct\data\0_raw\council_budget\Council_Budgets.xlsx,Worksheet 2: Revenue Account Budget (RA) 2025-26: Revenue Account data,2026-06-10 16:50:39.526497,134
E26000002,Exmoor National Park Authority,0.0,-85.0,C:\Users\Frede\PycharmProjects\Aqueduct\data\0_raw\council_budget\Council_Budgets.xlsx,Worksheet 2: Revenue Account Budget (RA) 2025-26: Revenue Account data,2026-06-10 16:50:39.526497,135
E07000087,Fareham,0.0,-270.0,C:\Users\Frede\PycharmProjects\Aqueduct\data\0_raw\council_budget\Council_Budgets.xlsx,Worksheet 2: Revenue Account Budget (RA) 2025-26: Revenue Account data,2026-06-10 16:50:39.526497,136
E07000010,Fenland,0.0,780.0,C:\Users\Frede\PycharmProjects\Aqueduct\data\0_raw\council_budget\Council_Budgets.xlsx,Worksheet 2: Revenue Account Budget (RA) 2025-26: Revenue Account data,2026-06-10 16:50:39.526497,137
E07000112,Folkestone & Hythe,0.0,-828.0,C:\Users\Frede\PycharmProjects\Aqueduct\data\0_raw\council_budget\Council_Budgets.xlsx,Worksheet 2: Revenue Account Budget (RA) 2025-26: Revenue Account data,2026-06-10 16:50:39.526497,138
E07000080,Forest of Dean,0.0,46.0,C:\Users\Frede\PycharmProjects\Aqueduct\data\0_raw\council_budget\Council_Budgets.xlsx,Worksheet 2: Revenue Account Budget (RA) 2025-26: Revenue Account data,2026-06-10 16:50:39.526497,139
E07000119,Fylde,0.0,-292.0,C:\Users\Frede\PycharmProjects\Aqueduct\data\0_raw\council_budget\Council_Budgets.xlsx,Worksheet 2: Revenue Account Budget (RA) 2025-26: Revenue Account data,2026-06-10 16:50:39.526497,140
E08000037,Gateshead,164024.0,6257.0,C:\Users\Frede\PycharmProjects\Aqueduct\data\0_raw\council_budget\Council_Budgets.xlsx,Worksheet 2: Revenue Account Budget (RA) 2025-26: Revenue Account data,2026-06-10 16:50:39.526497,141
E07000173,Gedling,0.0,138.0,C:\Users\Frede\PycharmProjects\Aqueduct\data\0_raw\council_budget\Council_Budgets.xlsx,Worksheet 2: Revenue Account Budget (RA) 2025-26: Revenue Account data,2026-06-10 16:50:39.526497,142
E07000081,Gloucester,0.0,-1781.0,C:\Users\Frede\PycharmProjects\Aqueduct\data\0_raw\council_budget\Council_Budgets.xlsx,Worksheet 2: Revenue Account Budget (RA) 2025-26: Revenue Account data,2026-06-10 16:50:39.526497,143
E10000013,Gloucestershire,459632.0,55536.0,C:\Users\Frede\PycharmProjects\Aqueduct\data\0_raw\council_budget\Council_Budgets.xlsx,Worksheet 2: Revenue Account Budget (RA) 2025-26: Revenue Account data,2026-06-10 16:50:39.526497,144
E23000037,Gloucestershire Police and Crime Commissioner,0.0,0.0,C:\Users\Frede\PycharmProjects\Aqueduct\data\0_raw\council_budget\Council_Budgets.xlsx,Worksheet 2: Revenue Account Budget (RA) 2025-26: Revenue Account data,2026-06-10 16:50:39.526497,145
E07000088,Gosport,0.0,-522.0,C:\Users\Frede\PycharmProjects\Aqueduct\data\0_raw\council_budget\Council_Budgets.xlsx,Worksheet 2: Revenue Account Budget (RA) 2025-26: Revenue Account data,2026-06-10 16:50:39.526497,146
E07000109,Gravesham,0.0,-887.0,C:\Users\Frede\PycharmProjects\Aqueduct\data\0_raw\council_budget\Council_Budgets.xlsx,Worksheet 2: Revenue Account Budget (RA) 2025-26: Revenue Account data,2026-06-10 16:50:39.526497,147
E07000145,Great Yarmouth,0.0,-824.0,C:\Users\Frede\PycharmProjects\Aqueduct\data\0_raw\council_budget\Council_Budgets.xlsx,Worksheet 2: Revenue Account Budget (RA) 2025-26: Revenue Account data,2026-06-10 16:50:39.526497,148
E47000017,Greater Lincolnshire Combined County Authority,1150.0,9892.0,C:\Users\Frede\PycharmProjects\Aqueduct\data\0_raw\council_budget\Council_Budgets.xlsx,Worksheet 2: Revenue Account Budget (RA) 2025-26: Revenue Account data,2026-06-10 16:50:39.526497,149
E12000007,Greater London Authority,611722.0,2025057.0,C:\Users\Frede\PycharmProjects\Aqueduct\data\0_raw\council_budget\Council_Budgets.xlsx,Worksheet 2: Revenue Account Budget (RA) 2025-26: Revenue Account data,2026-06-10 16:50:39.526497,150
E47000001,Greater Manchester Combined Authority,105021.0,329939.0,C:\Users\Frede\PycharmProjects\Aqueduct\data\0_raw\council_budget\Council_Budgets.xlsx,Worksheet 2: Revenue Account Budget (RA) 2025-26: Revenue Account data,2026-06-10 16:50:39.526497,151
E09000011,Greenwich,,,C:\Users\Frede\PycharmProjects\Aqueduct\data\0_raw\council_budget\Council_Budgets.xlsx,Worksheet 2: Revenue Account Budget (RA) 2025-26: Revenue Account data,2026-06-10 16:50:39.526497,152
E07000209,Guildford,0.0,-7479.0,C:\Users\Frede\PycharmProjects\Aqueduct\data\0_raw\council_budget\Council_Budgets.xlsx,Worksheet 2: Revenue Account Budget (RA) 2025-26: Revenue Account data,2026-06-10 16:50:39.526497,153
E09000012,Hackney,307599.0,1233.0,C:\Users\Frede\PycharmProjects\Aqueduct\data\0_raw\council_budget\Council_Budgets.xlsx,Worksheet 2: Revenue Account Budget (RA) 2025-26: Revenue Account data,2026-06-10 16:50:39.526497,154
E06000006,Halton,113655.0,-9979.0,C:\Users\Frede\PycharmProjects\Aqueduct\data\0_raw\council_budget\Council_Budgets.xlsx,Worksheet 2: Revenue Account Budget (RA) 2025-26: Revenue Account data,2026-06-10 16:50:39.526497,155
E09000013,Hammersmith & Fulham,119098.0,-21407.0,C:\Users\Frede\PycharmProjects\Aqueduct\data\0_raw\council_budget\Council_Budgets.xlsx,Worksheet 2: Revenue Account Budget (RA) 2025-26: Revenue Account data,2026-06-10 16:50:39.526497,156
E31000048,Hampshire and Isle of Wight Fire and Rescue Authority,0.0,0.0,C:\Users\Frede\PycharmProjects\Aqueduct\data\0_raw\council_budget\Council_Budgets.xlsx,Worksheet 2: Revenue Account Budget (RA) 2025-26: Revenue Account data,2026-06-10 16:50:39.526497,157
E10000014,Hampshire,1404034.0,77607.0,C:\Users\Frede\PycharmProjects\Aqueduct\data\0_raw\council_budget\Council_Budgets.xlsx,Worksheet 2: Revenue Account Budget (RA) 2025-26: Revenue Account data,2026-06-10 16:50:39.526497,158
E23000030,Hampshire Police and Crime Commissioner and Chief Constable,0.0,0.0,C:\Users\Frede\PycharmProjects\Aqueduct\data\0_raw\council_budget\Council_Budgets.xlsx,Worksheet 2: Revenue Account Budget (RA) 2025-26: Revenue Account data,2026-06-10 16:50:39.526497,159
E07000131,Harborough,0.0,-646.0,C:\Users\Frede\PycharmProjects\Aqueduct\data\0_raw\council_budget\Council_Budgets.xlsx,Worksheet 2: Revenue Account Budget (RA) 2025-26: Revenue Account data,2026-06-10 16:50:39.526497,160
E09000014,Haringey,282705.0,-465.0,C:\Users\Frede\PycharmProjects\Aqueduct\data\0_raw\council_budget\Council_Budgets.xlsx,Worksheet 2: Revenue Account Budget (RA) 2025-26: Revenue Account data,2026-06-10 16:50:39.526497,161
E07000073,Harlow,0.0,863.0,C:\Users\Frede\PycharmProjects\Aqueduct\data\0_raw\council_budget\Council_Budgets.xlsx,Worksheet 2: Revenue Account Budget (RA) 2025-26: Revenue Account data,2026-06-10 16:50:39.526497,162
E09000015,Harrow,195487.0,3738.0,C:\Users\Frede\PycharmProjects\Aqueduct\data\0_raw\council_budget\Council_Budgets.xlsx,Worksheet 2: Revenue Account Budget (RA) 2025-26: Revenue Account data,2026-06-10 16:50:39.526497,163
E07000089,Hart,0.0,-191.0,C:\Users\Frede\PycharmProjects\Aqueduct\data\0_raw\council_budget\Council_Budgets.xlsx,Worksheet 2: Revenue Account Budget (RA) 2025-26: Revenue Account data,2026-06-10 16:50:39.526497,164
E06000001,Hartlepool,65321.0,6982.0,C:\Users\Frede\PycharmProjects\Aqueduct\data\0_raw\council_budget\Council_Budgets.xlsx,Worksheet 2: Revenue Account Budget (RA) 2025-26: Revenue Account data,2026-06-10 16:50:39.526497,165
E07000062,Hastings,0.0,-912.0,C:\Users\Frede\PycharmProjects\Aqueduct\data\0_raw\council_budget\Council_Budgets.xlsx,Worksheet 2: Revenue Account Budget (RA) 2025-26: Revenue Account data,2026-06-10 16:50:39.526497,166
E07000090,Havant,0.0,-932.0,C:\Users\Frede\PycharmProjects\Aqueduct\data\0_raw\council_budget\Council_Budgets.xlsx,Worksheet 2: Revenue Account Budget (RA) 2025-26: Revenue Account data,2026-06-10 16:50:39.526497,167
E09000016,Havering,257840.0,11029.0,C:\Users\Frede\PycharmProjects\Aqueduct\data\0_raw\council_budget\Council_Budgets.xlsx,Worksheet 2: Revenue Account Budget (RA) 2025-26: Revenue Account data,2026-06-10 16:50:39.526497,168
E31000018,Hereford & Worcester Fire & Rescue Authority,0.0,0.0,C:\Users\Frede\PycharmProjects\Aqueduct\data\0_raw\council_budget\Council_Budgets.xlsx,Worksheet 2: Revenue Account Budget (RA) 2025-26: Revenue Account data,2026-06-10 16:50:39.526497,169
E06000019,Herefordshire,156086.0,12031.0,C:\Users\Frede\PycharmProjects\Aqueduct\data\0_raw\council_budget\Council_Budgets.xlsx,Worksheet 2: Revenue Account Budget (RA) 2025-26: Revenue Account data,2026-06-10 16:50:39.526497,170
E10000015,Hertfordshire,1053137.0,90087.0,C:\Users\Frede\PycharmProjects\Aqueduct\data\0_raw\council_budget\Council_Budgets.xlsx,Worksheet 2: Revenue Account Budget (RA) 2025-26: Revenue Account data,2026-06-10 16:50:39.526497,171
E23000027,Hertfordshire Police and Crime Commissioner,0.0,0.0,C:\Users\Frede\PycharmProjects\Aqueduct\data\0_raw\council_budget\Council_Budgets.xlsx,Worksheet 2: Revenue Account Budget (RA) 2025-26: Revenue Account data,2026-06-10 16:50:39.526497,172
E07000098,Hertsmere,0.0,-598.0,C:\Users\Frede\PycharmProjects\Aqueduct\data\0_raw\council_budget\Council_Budgets.xlsx,Worksheet 2: Revenue Account Budget (RA) 2025-26: Revenue Account data,2026-06-10 16:50:39.526497,173
E07000037,High Peak,0.0,-1079.0,C:\Users\Frede\PycharmProjects\Aqueduct\data\0_raw\council_budget\Council_Budgets.xlsx,Worksheet 2: Revenue Account Budget (RA) 2025-26: Revenue Account data,2026-06-10 16:50:39.526497,174
E09000017,Hillingdon,257773.0,-1152.0,C:\Users\Frede\PycharmProjects\Aqueduct\data\0_raw\council_budget\Council_Budgets.xlsx,Worksheet 2: Revenue Account Budget (RA) 2025-26: Revenue Account data,2026-06-10 16:50:39.526497,175
E07000132,Hinckley & Bosworth,0.0,334.0,C:\Users\Frede\PycharmProjects\Aqueduct\data\0_raw\council_budget\Council_Budgets.xlsx,Worksheet 2: Revenue Account Budget (RA) 2025-26: Revenue Account data,2026-06-10 16:50:39.526497,176
E07000227,Horsham,0.0,-3067.0,C:\Users\Frede\PycharmProjects\Aqueduct\data\0_raw\council_budget\Council_Budgets.xlsx,Worksheet 2: Revenue Account Budget (RA) 2025-26: Revenue Account data,2026-06-10 16:50:39.526497,177
E09000018,Hounslow,264192.0,30919.0,C:\Users\Frede\PycharmProjects\Aqueduct\data\0_raw\council_budget\Council_Budgets.xlsx,Worksheet 2: Revenue Account Budget (RA) 2025-26: Revenue Account data,2026-06-10 16:50:39.526497,178
E47000016,Hull and East Yorkshire Combined County Authority,0.0,634.0,C:\Users\Frede\PycharmProjects\Aqueduct\data\0_raw\council_budget\Council_Budgets.xlsx,Worksheet 2: Revenue Account Budget (RA) 2025-26: Revenue Account data,2026-06-10 16:50:39.526497,179
E31000020,Humberside Fire & Rescue Authority,0.0,0.0,C:\Users\Frede\PycharmProjects\Aqueduct\data\0_raw\council_budget\Council_Budgets.xlsx,Worksheet 2: Revenue Account Budget (RA) 2025-26: Revenue Account data,2026-06-10 16:50:39.526497,180
E23000012,Humberside Police and Crime Commissioner,0.0,0.0,C:\Users\Frede\PycharmProjects\Aqueduct\data\0_raw\council_budget\Council_Budgets.xlsx,Worksheet 2: Revenue Account Budget (RA) 2025-26: Revenue Account data,2026-06-10 16:50:39.526497,181
E07000011,Huntingdonshire,0.0,-803.0,C:\Users\Frede\PycharmProjects\Aqueduct\data\0_raw\council_budget\Council_Budgets.xlsx,Worksheet 2: Revenue Account Budget (RA) 2025-26: Revenue Account data,2026-06-10 16:50:39.526497,182
E07000120,Hyndburn,0.0,432.0,C:\Users\Frede\PycharmProjects\Aqueduct\data\0_raw\council_budget\Council_Budgets.xlsx,Worksheet 2: Revenue Account Budget (RA) 2025-26: Revenue Account data,2026-06-10 16:50:39.526497,183
E07000202,Ipswich,0.0,-2010.0,C:\Users\Frede\PycharmProjects\Aqueduct\data\0_raw\council_budget\Council_Budgets.xlsx,Worksheet 2: Revenue Account Budget (RA) 2025-26: Revenue Account data,2026-06-10 16:50:39.526497,184
E06000046,Isle of Wight,114677.0,13579.0,C:\Users\Frede\PycharmProjects\Aqueduct\data\0_raw\council_budget\Council_Budgets.xlsx,Worksheet 2: Revenue Account Budget (RA) 2025-26: Revenue Account data,2026-06-10 16:50:39.526497,185
E06000053,Isles of Scilly,500.0,60.0,C:\Users\Frede\PycharmProjects\Aqueduct\data\0_raw\council_budget\Council_Budgets.xlsx,Worksheet 2: Revenue Account Budget (RA) 2025-26: Revenue Account data,2026-06-10 16:50:39.526497,186
E09000019,Islington,209172.0,-16040.0,C:\Users\Frede\PycharmProjects\Aqueduct\data\0_raw\council_budget\Council_Budgets.xlsx,Worksheet 2: Revenue Account Budget (RA) 2025-26: Revenue Account data,2026-06-10 16:50:39.526497,187
E09000020,Kensington & Chelsea,106785.0,-28458.0,C:\Users\Frede\PycharmProjects\Aqueduct\data\0_raw\council_budget\Council_Budgets.xlsx,Worksheet 2: Revenue Account Budget (RA) 2025-26: Revenue Account data,2026-06-10 16:50:39.526497,188
E10000016,Kent,1283952.0,95306.0,C:\Users\Frede\PycharmProjects\Aqueduct\data\0_raw\council_budget\Council_Budgets.xlsx,Worksheet 2: Revenue Account Budget (RA) 2025-26: Revenue Account data,2026-06-10 16:50:39.526497,189
E31000022,Kent Fire & Rescue Authority,0.0,0.0,C:\Users\Frede\PycharmProjects\Aqueduct\data\0_raw\council_budget\Council_Budgets.xlsx,Worksheet 2: Revenue Account Budget (RA) 2025-26: Revenue Account data,2026-06-10 16:50:39.526497,190
E23000032,Kent Police and Crime Commissioner,0.0,0.0,C:\Users\Frede\PycharmProjects\Aqueduct\data\0_raw\council_budget\Council_Budgets.xlsx,Worksheet 2: Revenue Account Budget (RA) 2025-26: Revenue Account data,2026-06-10 16:50:39.526497,191
E07000146,King's Lynn & West Norfolk,0.0,-2966.0,C:\Users\Frede\PycharmProjects\Aqueduct\data\0_raw\council_budget\Council_Budgets.xlsx,Worksheet 2: Revenue Account Budget (RA) 2025-26: Revenue Account data,2026-06-10 16:50:39.526497,192
E09000021,Kingston upon Thames,124538.0,1592.0,C:\Users\Frede\PycharmProjects\Aqueduct\data\0_raw\council_budget\Council_Budgets.xlsx,Worksheet 2: Revenue Account Budget (RA) 2025-26: Revenue Account data,2026-06-10 16:50:39.526497,193
E06000010,Kingston upon Hull,131131.0,16624.0,C:\Users\Frede\PycharmProjects\Aqueduct\data\0_raw\council_budget\Council_Budgets.xlsx,Worksheet 2: Revenue Account Budget (RA) 2025-26: Revenue Account data,2026-06-10 16:50:39.526497,194
E08000034,Kirklees,353182.0,4067.0,C:\Users\Frede\PycharmProjects\Aqueduct\data\0_raw\council_budget\Council_Budgets.xlsx,Worksheet 2: Revenue Account Budget (RA) 2025-26: Revenue Account data,2026-06-10 16:50:39.526497,195
E08000011,Knowsley,159691.0,15054.0,C:\Users\Frede\PycharmProjects\Aqueduct\data\0_raw\council_budget\Council_Budgets.xlsx,Worksheet 2: Revenue Account Budget (RA) 2025-26: Revenue Account data,2026-06-10 16:50:39.526497,196
E26000011,Lake District National Park,0.0,-1530.0,C:\Users\Frede\PycharmProjects\Aqueduct\data\0_raw\council_budget\Council_Budgets.xlsx,Worksheet 2: Revenue Account Budget (RA) 2025-26: Revenue Account data,2026-06-10 16:50:39.526497,197
E09000022,Lambeth,328563.0,-24917.0,C:\Users\Frede\PycharmProjects\Aqueduct\data\0_raw\council_budget\Council_Budgets.xlsx,Worksheet 2: Revenue Account Budget (RA) 2025-26: Revenue Account data,2026-06-10 16:50:39.526497,198
E10000017,Lancashire,1260185.0,65177.0,C:\Users\Frede\PycharmProjects\Aqueduct\data\0_raw\council_budget\Council_Budgets.xlsx,Worksheet 2: Revenue Account Budget (RA) 2025-26: Revenue Account data,2026-06-10 16:50:39.526497,199
E47000018,Lancashire Combined County Authority,0.0,92.0,C:\Users\Frede\PycharmProjects\Aqueduct\data\0_raw\council_budget\Council_Budgets.xlsx,Worksheet 2: Revenue Account Budget (RA) 2025-26: Revenue Account data,2026-06-10 16:50:39.526497,200
E31000023,Lancashire Fire & Rescue Authority,0.0,0.0,C:\Users\Frede\PycharmProjects\Aqueduct\data\0_raw\council_budget\Council_Budgets.xlsx,Worksheet 2: Revenue Account Budget (RA) 2025-26: Revenue Account data,2026-06-10 16:50:39.526497,201
E23000003,Lancashire Police and Crime Commissioner,0.0,0.0,C:\Users\Frede\PycharmProjects\Aqueduct\data\0_raw\council_budget\Council_Budgets.xlsx,Worksheet 2: Revenue Account Budget (RA) 2025-26: Revenue Account data,2026-06-10 16:50:39.526497,202
E07000121,Lancaster,0.0,-2328.0,C:\Users\Frede\PycharmProjects\Aqueduct\data\0_raw\council_budget\Council_Budgets.xlsx,Worksheet 2: Revenue Account Budget (RA) 2025-26: Revenue Account data,2026-06-10 16:50:39.526497,203
E6803,Lee Valley Regional Park Authority,0.0,0.0,C:\Users\Frede\PycharmProjects\Aqueduct\data\0_raw\council_budget\Council_Budgets.xlsx,Worksheet 2: Revenue Account Budget (RA) 2025-26: Revenue Account data,2026-06-10 16:50:39.526497,204
E08000035,Leeds,782366.0,26791.0,C:\Users\Frede\PycharmProjects\Aqueduct\data\0_raw\council_budget\Council_Budgets.xlsx,Worksheet 2: Revenue Account Budget (RA) 2025-26: Revenue Account data,2026-06-10 16:50:39.526497,205
E06000016,Leicester,365163.0,20001.0,C:\Users\Frede\PycharmProjects\Aqueduct\data\0_raw\council_budget\Council_Budgets.xlsx,Worksheet 2: Revenue Account Budget (RA) 2025-26: Revenue Account data,2026-06-10 16:50:39.526497,206
E10000018,Leicestershire,387784.0,53949.0,C:\Users\Frede\PycharmProjects\Aqueduct\data\0_raw\council_budget\Council_Budgets.xlsx,Worksheet 2: Revenue Account Budget (RA) 2025-26: Revenue Account data,2026-06-10 16:50:39.526497,207
E31000024,Leicestershire Fire & Rescue Authority,0.0,0.0,C:\Users\Frede\PycharmProjects\Aqueduct\data\0_raw\council_budget\Council_Budgets.xlsx,Worksheet 2: Revenue Account Budget (RA) 2025-26: Revenue Account data,2026-06-10 16:50:39.526497,208
E23000021,Leicestershire Police and Crime Commissioner,0.0,0.0,C:\Users\Frede\PycharmProjects\Aqueduct\data\0_raw\council_budget\Council_Budgets.xlsx,Worksheet 2: Revenue Account Budget (RA) 2025-26: Revenue Account data,2026-06-10 16:50:39.526497,209
E07000063,Lewes,0.0,-447.0,C:\Users\Frede\PycharmProjects\Aqueduct\data\0_raw\council_budget\Council_Budgets.xlsx,Worksheet 2: Revenue Account Budget (RA) 2025-26: Revenue Account data,2026-06-10 16:50:39.526497,210
E09000023,Lewisham,374102.0,9462.0,C:\Users\Frede\PycharmProjects\Aqueduct\data\0_raw\council_budget\Council_Budgets.xlsx,Worksheet 2: Revenue Account Budget (RA) 2025-26: Revenue Account data,2026-06-10 16:50:39.526497,211
E07000194,Lichfield,0.0,-1379.0,C:\Users\Frede\PycharmProjects\Aqueduct\data\0_raw\council_budget\Council_Budgets.xlsx,Worksheet 2: Revenue Account Budget (RA) 2025-26: Revenue Account data,2026-06-10 16:50:39.526497,212
E07000138,Lincoln,0.0,-4056.0,C:\Users\Frede\PycharmProjects\Aqueduct\data\0_raw\council_budget\Council_Budgets.xlsx,Worksheet 2: Revenue Account Budget (RA) 2025-26: Revenue Account data,2026-06-10 16:50:39.526497,213
E10000019,Lincolnshire,503957.0,65253.0,C:\Users\Frede\PycharmProjects\Aqueduct\data\0_raw\council_budget\Council_Budgets.xlsx,Worksheet 2: Revenue Account Budget (RA) 2025-26: Revenue Account data,2026-06-10 16:50:39.526497,214
E23000020,Lincolnshire Police and Crime Commissioner,0.0,0.0,C:\Users\Frede\PycharmProjects\Aqueduct\data\0_raw\council_budget\Council_Budgets.xlsx,Worksheet 2: Revenue Account Budget (RA) 2025-26: Revenue Account data,2026-06-10 16:50:39.526497,215
E08000012,Liverpool,519400.0,-1363.0,C:\Users\Frede\PycharmProjects\Aqueduct\data\0_raw\council_budget\Council_Budgets.xlsx,Worksheet 2: Revenue Account Budget (RA) 2025-26: Revenue Account data,2026-06-10 16:50:39.526497,216
E06000032,Luton,221648.0,10092.0,C:\Users\Frede\PycharmProjects\Aqueduct\data\0_raw\council_budget\Council_Budgets.xlsx,Worksheet 2: Revenue Account Budget (RA) 2025-26: Revenue Account data,2026-06-10 16:50:39.526497,217
E07000110,Maidstone,0.0,-1531.0,C:\Users\Frede\PycharmProjects\Aqueduct\data\0_raw\council_budget\Council_Budgets.xlsx,Worksheet 2: Revenue Account Budget (RA) 2025-26: Revenue Account data,2026-06-10 16:50:39.526497,218
E07000074,Maldon,0.0,-731.0,C:\Users\Frede\PycharmProjects\Aqueduct\data\0_raw\council_budget\Council_Budgets.xlsx,Worksheet 2: Revenue Account Budget (RA) 2025-26: Revenue Account data,2026-06-10 16:50:39.526497,219
E07000235,Malvern Hills,0.0,-162.0,C:\Users\Frede\PycharmProjects\Aqueduct\data\0_raw\council_budget\Council_Budgets.xlsx,Worksheet 2: Revenue Account Budget (RA) 2025-26: Revenue Account data,2026-06-10 16:50:39.526497,220
E08000003,Manchester,506791.0,1840.0,C:\Users\Frede\PycharmProjects\Aqueduct\data\0_raw\council_budget\Council_Budgets.xlsx,Worksheet 2: Revenue Account Budget (RA) 2025-26: Revenue Account data,2026-06-10 16:50:39.526497,221
E07000174,Mansfield,0.0,666.0,C:\Users\Frede\PycharmProjects\Aqueduct\data\0_raw\council_budget\Council_Budgets.xlsx,Worksheet 2: Revenue Account Budget (RA) 2025-26: Revenue Account data,2026-06-10 16:50:39.526497,222
E06000035,Medway Towns,162392.0,9158.0,C:\Users\Frede\PycharmProjects\Aqueduct\data\0_raw\council_budget\Council_Budgets.xlsx,Worksheet 2: Revenue Account Budget (RA) 2025-26: Revenue Account data,2026-06-10 16:50:39.526497,223
E07000133,Melton,0.0,-84.0,C:\Users\Frede\PycharmProjects\Aqueduct\data\0_raw\council_budget\Council_Budgets.xlsx,Worksheet 2: Revenue Account Budget (RA) 2025-26: Revenue Account data,2026-06-10 16:50:39.526497,224
E31000041,Merseyside Fire & Rescue Authority,0.0,0.0,C:\Users\Frede\PycharmProjects\Aqueduct\data\0_raw\council_budget\Council_Budgets.xlsx,Worksheet 2: Revenue Account Budget (RA) 2025-26: Revenue Account data,2026-06-10 16:50:39.526497,225
E23000004,Merseyside Police and Crime Commissioner,0.0,0.0,C:\Users\Frede\PycharmProjects\Aqueduct\data\0_raw\council_budget\Council_Budgets.xlsx,Worksheet 2: Revenue Account Budget (RA) 2025-26: Revenue Account data,2026-06-10 16:50:39.526497,226
E50000006,Merseyside Recycling and Waste Authority,0.0,0.0,C:\Users\Frede\PycharmProjects\Aqueduct\data\0_raw\council_budget\Council_Budgets.xlsx,Worksheet 2: Revenue Account Budget (RA) 2025-26: Revenue Account data,2026-06-10 16:50:39.526497,227
E09000024,Merton,267368.0,-144.0,C:\Users\Frede\PycharmProjects\Aqueduct\data\0_raw\council_budget\Council_Budgets.xlsx,Worksheet 2: Revenue Account Budget (RA) 2025-26: Revenue Account data,2026-06-10 16:50:39.526497,228
E07000042,Mid Devon,0.0,-518.0,C:\Users\Frede\PycharmProjects\Aqueduct\data\0_raw\council_budget\Council_Budgets.xlsx,Worksheet 2: Revenue Account Budget (RA) 2025-26: Revenue Account data,2026-06-10 16:50:39.526497,229
E07000203,Mid Suffolk,0.0,-17.0,C:\Users\Frede\PycharmProjects\Aqueduct\data\0_raw\council_budget\Council_Budgets.xlsx,Worksheet 2: Revenue Account Budget (RA) 2025-26: Revenue Account data,2026-06-10 16:50:39.526497,230
E07000228,Mid Sussex,0.0,-1393.0,C:\Users\Frede\PycharmProjects\Aqueduct\data\0_raw\council_budget\Council_Budgets.xlsx,Worksheet 2: Revenue Account Budget (RA) 2025-26: Revenue Account data,2026-06-10 16:50:39.526497,231
E06000002,Middlesbrough,83906.0,6023.0,C:\Users\Frede\PycharmProjects\Aqueduct\data\0_raw\council_budget\Council_Budgets.xlsx,Worksheet 2: Revenue Account Budget (RA) 2025-26: Revenue Account data,2026-06-10 16:50:39.526497,232
E06000042,Milton Keynes,197529.0,20.0,C:\Users\Frede\PycharmProjects\Aqueduct\data\0_raw\council_budget\Council_Budgets.xlsx,Worksheet 2: Revenue Account Budget (RA) 2025-26: Revenue Account data,2026-06-10 16:50:39.526497,233
E07000210,Mole Valley,0.0,-1511.0,C:\Users\Frede\PycharmProjects\Aqueduct\data\0_raw\council_budget\Council_Budgets.xlsx,Worksheet 2: Revenue Account Budget (RA) 2025-26: Revenue Account data,2026-06-10 16:50:39.526497,234
E07000091,New Forest,0.0,-2605.0,C:\Users\Frede\PycharmProjects\Aqueduct\data\0_raw\council_budget\Council_Budgets.xlsx,Worksheet 2: Revenue Account Budget (RA) 2025-26: Revenue Account data,2026-06-10 16:50:39.526497,235
E26000009,New Forest National Park,0.0,54.0,C:\Users\Frede\PycharmProjects\Aqueduct\data\0_raw\council_budget\Council_Budgets.xlsx,Worksheet 2: Revenue Account Budget (RA) 2025-26: Revenue Account data,2026-06-10 16:50:39.526497,236
E07000175,Newark & Sherwood,0.0,-563.0,C:\Users\Frede\PycharmProjects\Aqueduct\data\0_raw\council_budget\Council_Budgets.xlsx,Worksheet 2: Revenue Account Budget (RA) 2025-26: Revenue Account data,2026-06-10 16:50:39.526497,237
E08000021,Newcastle upon Tyne,238291.0,21.0,C:\Users\Frede\PycharmProjects\Aqueduct\data\0_raw\council_budget\Council_Budgets.xlsx,Worksheet 2: Revenue Account Budget (RA) 2025-26: Revenue Account data,2026-06-10 16:50:39.526497,238
E07000195,Newcastle-under-Lyme,0.0,-312.0,C:\Users\Frede\PycharmProjects\Aqueduct\data\0_raw\council_budget\Council_Budgets.xlsx,Worksheet 2: Revenue Account Budget (RA) 2025-26: Revenue Account data,2026-06-10 16:50:39.526497,239
E09000025,Newham,320158.0,-12089.0,C:\Users\Frede\PycharmProjects\Aqueduct\data\0_raw\council_budget\Council_Budgets.xlsx,Worksheet 2: Revenue Account Budget (RA) 2025-26: Revenue Account data,2026-06-10 16:50:39.526497,240
E10000020,Norfolk,610883.0,48448.0,C:\Users\Frede\PycharmProjects\Aqueduct\data\0_raw\council_budget\Council_Budgets.xlsx,Worksheet 2: Revenue Account Budget (RA) 2025-26: Revenue Account data,2026-06-10 16:50:39.526497,241
E23000024,Norfolk Police and Crime Commissioner,0.0,0.0,C:\Users\Frede\PycharmProjects\Aqueduct\data\0_raw\council_budget\Council_Budgets.xlsx,Worksheet 2: Revenue Account Budget (RA) 2025-26: Revenue Account data,2026-06-10 16:50:39.526497,242
E07000043,North Devon,0.0,-2428.0,C:\Users\Frede\PycharmProjects\Aqueduct\data\0_raw\council_budget\Council_Budgets.xlsx,Worksheet 2: Revenue Account Budget (RA) 2025-26: Revenue Account data,2026-06-10 16:50:39.526497,243
E07000038,North East Derbyshire,0.0,-169.0,C:\Users\Frede\PycharmProjects\Aqueduct\data\0_raw\council_budget\Council_Budgets.xlsx,Worksheet 2: Revenue Account Budget (RA) 2025-26: Revenue Account data,2026-06-10 16:50:39.526497,244
E06000012,North East Lincolnshire,78422.0,13051.0,C:\Users\Frede\PycharmProjects\Aqueduct\data\0_raw\council_budget\Council_Budgets.xlsx,Worksheet 2: Revenue Account Budget (RA) 2025-26: Revenue Account data,2026-06-10 16:50:39.526497,245
E47000014,North East Combined Authority,97260.0,194158.0,C:\Users\Frede\PycharmProjects\Aqueduct\data\0_raw\council_budget\Council_Budgets.xlsx,Worksheet 2: Revenue Account Budget (RA) 2025-26: Revenue Account data,2026-06-10 16:50:39.526497,246
E07000099,North Hertfordshire,0.0,-704.0,C:\Users\Frede\PycharmProjects\Aqueduct\data\0_raw\council_budget\Council_Budgets.xlsx,Worksheet 2: Revenue Account Budget (RA) 2025-26: Revenue Account data,2026-06-10 16:50:39.526497,247
E07000139,North Kesteven,0.0,295.0,C:\Users\Frede\PycharmProjects\Aqueduct\data\0_raw\council_budget\Council_Budgets.xlsx,Worksheet 2: Revenue Account Budget (RA) 2025-26: Revenue Account data,2026-06-10 16:50:39.526497,248
E06000013,North Lincolnshire,137530.0,14821.0,C:\Users\Frede\PycharmProjects\Aqueduct\data\0_raw\council_budget\Council_Budgets.xlsx,Worksheet 2: Revenue Account Budget (RA) 2025-26: Revenue Account data,2026-06-10 16:50:39.526497,249
E50000002,North London Waste Authority,0.0,0.0,C:\Users\Frede\PycharmProjects\Aqueduct\data\0_raw\council_budget\Council_Budgets.xlsx,Worksheet 2: Revenue Account Budget (RA) 2025-26: Revenue Account data,2026-06-10 16:50:39.526497,250
E07000147,North Norfolk,0.0,-2614.0,C:\Users\Frede\PycharmProjects\Aqueduct\data\0_raw\council_budget\Council_Budgets.xlsx,Worksheet 2: Revenue Account Budget (RA) 2025-26: Revenue Account data,2026-06-10 16:50:39.526497,251
E06000061,North Northamptonshire,194703.0,17805.0,C:\Users\Frede\PycharmProjects\Aqueduct\data\0_raw\council_budget\Council_Budgets.xlsx,Worksheet 2: Revenue Account Budget (RA) 2025-26: Revenue Account data,2026-06-10 16:50:39.526497,252
E06000024,North Somerset,80100.0,11580.0,C:\Users\Frede\PycharmProjects\Aqueduct\data\0_raw\council_budget\Council_Budgets.xlsx,Worksheet 2: Revenue Account Budget (RA) 2025-26: Revenue Account data,2026-06-10 16:50:39.526497,253
E08000022,North Tyneside,235305.0,6828.0,C:\Users\Frede\PycharmProjects\Aqueduct\data\0_raw\council_budget\Council_Budgets.xlsx,Worksheet 2: Revenue Account Budget (RA) 2025-26: Revenue Account data,2026-06-10 16:50:39.526497,254
E07000218,North Warwickshire,0.0,200.0,C:\Users\Frede\PycharmProjects\Aqueduct\data\0_raw\council_budget\Council_Budgets.xlsx,Worksheet 2: Revenue Account Budget (RA) 2025-26: Revenue Account data,2026-06-10 16:50:39.526497,255
E07000134,North West Leicestershire,0.0,302.0,C:\Users\Frede\PycharmProjects\Aqueduct\data\0_raw\council_budget\Council_Budgets.xlsx,Worksheet 2: Revenue Account Budget (RA) 2025-26: Revenue Account data,2026-06-10 16:50:39.526497,256
E26000005,North York Moors National Park Authority,0.0,-674.0,C:\Users\Frede\PycharmProjects\Aqueduct\data\0_raw\council_budget\Council_Budgets.xlsx,Worksheet 2: Revenue Account Budget (RA) 2025-26: Revenue Account data,2026-06-10 16:50:39.526497,257
E06000065,North Yorkshire,472023.0,30462.0,C:\Users\Frede\PycharmProjects\Aqueduct\data\0_raw\council_budget\Council_Budgets.xlsx,Worksheet 2: Revenue Account Budget (RA) 2025-26: Revenue Account data,2026-06-10 16:50:39.526497,258
E23000022,"Northamptonshire Police, Fire and Crime Commissioner - Police",0.0,0.0,C:\Users\Frede\PycharmProjects\Aqueduct\data\0_raw\council_budget\Council_Budgets.xlsx,Worksheet 2: Revenue Account Budget (RA) 2025-26: Revenue Account data,2026-06-10 16:50:39.526497,259
E31000028,"Northamptonshire Police, Fire and Crime Commissioner - Fire",0.0,0.0,C:\Users\Frede\PycharmProjects\Aqueduct\data\0_raw\council_budget\Council_Budgets.xlsx,Worksheet 2: Revenue Account Budget (RA) 2025-26: Revenue Account data,2026-06-10 16:50:39.526497,260
E26000004,Northumberland National Park Authority,0.0,-320.0,C:\Users\Frede\PycharmProjects\Aqueduct\data\0_raw\council_budget\Council_Budgets.xlsx,Worksheet 2: Revenue Account Budget (RA) 2025-26: Revenue Account data,2026-06-10 16:50:39.526497,261
E06000057,Northumberland,228982.0,11285.0,C:\Users\Frede\PycharmProjects\Aqueduct\data\0_raw\council_budget\Council_Budgets.xlsx,Worksheet 2: Revenue Account Budget (RA) 2025-26: Revenue Account data,2026-06-10 16:50:39.526497,262
E23000007,Northumbria Police and Crime Commissioner,0.0,0.0,C:\Users\Frede\PycharmProjects\Aqueduct\data\0_raw\council_budget\Council_Budgets.xlsx,Worksheet 2: Revenue Account Budget (RA) 2025-26: Revenue Account data,2026-06-10 16:50:39.526497,263
E07000148,Norwich,0.0,-5230.0,C:\Users\Frede\PycharmProjects\Aqueduct\data\0_raw\council_budget\Council_Budgets.xlsx,Worksheet 2: Revenue Account Budget (RA) 2025-26: Revenue Account data,2026-06-10 16:50:39.526497,264
E06000018,Nottingham,179381.0,54776.0,C:\Users\Frede\PycharmProjects\Aqueduct\data\0_raw\council_budget\Council_Budgets.xlsx,Worksheet 2: Revenue Account Budget (RA) 2025-26: Revenue Account data,2026-06-10 16:50:39.526497,265
E10000024,Nottinghamshire,543612.0,43720.0,C:\Users\Frede\PycharmProjects\Aqueduct\data\0_raw\council_budget\Council_Budgets.xlsx,Worksheet 2: Revenue Account Budget (RA) 2025-26: Revenue Account data,2026-06-10 16:50:39.526497,266
E31000030,Nottinghamshire Fire & Rescue Service,0.0,0.0,C:\Users\Frede\PycharmProjects\Aqueduct\data\0_raw\council_budget\Council_Budgets.xlsx,Worksheet 2: Revenue Account Budget (RA) 2025-26: Revenue Account data,2026-06-10 16:50:39.526497,267
E23000019,Nottinghamshire Police and Crime Commissioner,0.0,0.0,C:\Users\Frede\PycharmProjects\Aqueduct\data\0_raw\council_budget\Council_Budgets.xlsx,Worksheet 2: Revenue Account Budget (RA) 2025-26: Revenue Account data,2026-06-10 16:50:39.526497,268
E07000219,Nuneaton & Bedworth,0.0,-98.0,C:\Users\Frede\PycharmProjects\Aqueduct\data\0_raw\council_budget\Council_Budgets.xlsx,Worksheet 2: Revenue Account Budget (RA) 2025-26: Revenue Account data,2026-06-10 16:50:39.526497,269
E07000135,Oadby & Wigston,0.0,-578.0,C:\Users\Frede\PycharmProjects\Aqueduct\data\0_raw\council_budget\Council_Budgets.xlsx,Worksheet 2: Revenue Account Budget (RA) 2025-26: Revenue Account data,2026-06-10 16:50:39.526497,270
E08000004,Oldham,227934.0,10415.0,C:\Users\Frede\PycharmProjects\Aqueduct\data\0_raw\council_budget\Council_Budgets.xlsx,Worksheet 2: Revenue Account Budget (RA) 2025-26: Revenue Account data,2026-06-10 16:50:39.526497,271
E07000178,Oxford,0.0,-1905.0,C:\Users\Frede\PycharmProjects\Aqueduct\data\0_raw\council_budget\Council_Budgets.xlsx,Worksheet 2: Revenue Account Budget (RA) 2025-26: Revenue Account data,2026-06-10 16:50:39.526497,272
E10000025,Oxfordshire,448541.0,48177.0,C:\Users\Frede\PycharmProjects\Aqueduct\data\0_raw\council_budget\Council_Budgets.xlsx,Worksheet 2: Revenue Account Budget (RA) 2025-26: Revenue Account data,2026-06-10 16:50:39.526497,273
E26000006,Peak District National Park Authority,0.0,-46.0,C:\Users\Frede\PycharmProjects\Aqueduct\data\0_raw\council_budget\Council_Budgets.xlsx,Worksheet 2: Revenue Account Budget (RA) 2025-26: Revenue Account data,2026-06-10 16:50:39.526497,274
E07000122,Pendle,0.0,454.0,C:\Users\Frede\PycharmProjects\Aqueduct\data\0_raw\council_budget\Council_Budgets.xlsx,Worksheet 2: Revenue Account Budget (RA) 2025-26: Revenue Account data,2026-06-10 16:50:39.526497,275
E06000031,Peterborough,159954.0,3777.0,C:\Users\Frede\PycharmProjects\Aqueduct\data\0_raw\council_budget\Council_Budgets.xlsx,Worksheet 2: Revenue Account Budget (RA) 2025-26: Revenue Account data,2026-06-10 16:50:39.526497,276
E06000026,Plymouth,132689.0,10889.0,C:\Users\Frede\PycharmProjects\Aqueduct\data\0_raw\council_budget\Council_Budgets.xlsx,Worksheet 2: Revenue Account Budget (RA) 2025-26: Revenue Account data,2026-06-10 16:50:39.526497,277
E06000044,Portsmouth,131637.0,18156.0,C:\Users\Frede\PycharmProjects\Aqueduct\data\0_raw\council_budget\Council_Budgets.xlsx,Worksheet 2: Revenue Account Budget (RA) 2025-26: Revenue Account data,2026-06-10 16:50:39.526497,278
E07000123,Preston,0.0,391.0,C:\Users\Frede\PycharmProjects\Aqueduct\data\0_raw\council_budget\Council_Budgets.xlsx,Worksheet 2: Revenue Account Budget (RA) 2025-26: Revenue Account data,2026-06-10 16:50:39.526497,279
E06000038,Reading,148123.0,2157.0,C:\Users\Frede\PycharmProjects\Aqueduct\data\0_raw\council_budget\Council_Budgets.xlsx,Worksheet 2: Revenue Account Budget (RA) 2025-26: Revenue Account data,2026-06-10 16:50:39.526497,280
E09000026,Redbridge,,,C:\Users\Frede\PycharmProjects\Aqueduct\data\0_raw\council_budget\Council_Budgets.xlsx,Worksheet 2: Revenue Account Budget (RA) 2025-26: Revenue Account data,2026-06-10 16:50:39.526497,281
E06000003,Redcar & Cleveland,64572.0,12255.0,C:\Users\Frede\PycharmProjects\Aqueduct\data\0_raw\council_budget\Council_Budgets.xlsx,Worksheet 2: Revenue Account Budget (RA) 2025-26: Revenue Account data,2026-06-10 16:50:39.526497,282
E07000236,Redditch,0.0,1200.0,C:\Users\Frede\PycharmProjects\Aqueduct\data\0_raw\council_budget\Council_Budgets.xlsx,Worksheet 2: Revenue Account Budget (RA) 2025-26: Revenue Account data,2026-06-10 16:50:39.526497,283
E07000211,Reigate & Banstead,0.0,-1206.0,C:\Users\Frede\PycharmProjects\Aqueduct\data\0_raw\council_budget\Council_Budgets.xlsx,Worksheet 2: Revenue Account Budget (RA) 2025-26: Revenue Account data,2026-06-10 16:50:39.526497,284
E07000124,Ribble Valley,0.0,-120.0,C:\Users\Frede\PycharmProjects\Aqueduct\data\0_raw\council_budget\Council_Budgets.xlsx,Worksheet 2: Revenue Account Budget (RA) 2025-26: Revenue Account data,2026-06-10 16:50:39.526497,285
E09000027,Richmond upon Thames,,,C:\Users\Frede\PycharmProjects\Aqueduct\data\0_raw\council_budget\Council_Budgets.xlsx,Worksheet 2: Revenue Account Budget (RA) 2025-26: Revenue Account data,2026-06-10 16:50:39.526497,286
E08000005,Rochdale,235967.0,13202.0,C:\Users\Frede\PycharmProjects\Aqueduct\data\0_raw\council_budget\Council_Budgets.xlsx,Worksheet 2: Revenue Account Budget (RA) 2025-26: Revenue Account data,2026-06-10 16:50:39.526497,287
E07000075,Rochford,0.0,-294.0,C:\Users\Frede\PycharmProjects\Aqueduct\data\0_raw\council_budget\Council_Budgets.xlsx,Worksheet 2: Revenue Account Budget (RA) 2025-26: Revenue Account data,2026-06-10 16:50:39.526497,288
E07000125,Rossendale,0.0,273.0,C:\Users\Frede\PycharmProjects\Aqueduct\data\0_raw\council_budget\Council_Budgets.xlsx,Worksheet 2: Revenue Account Budget (RA) 2025-26: Revenue Account data,2026-06-10 16:50:39.526497,289
E07000064,Rother,0.0,-1702.0,C:\Users\Frede\PycharmProjects\Aqueduct\data\0_raw\council_budget\Council_Budgets.xlsx,Worksheet 2: Revenue Account Budget (RA) 2025-26: Revenue Account data,2026-06-10 16:50:39.526497,290
E08000018,Rotherham,153446.0,8731.0,C:\Users\Frede\PycharmProjects\Aqueduct\data\0_raw\council_budget\Council_Budgets.xlsx,Worksheet 2: Revenue Account Budget (RA) 2025-26: Revenue Account data,2026-06-10 16:50:39.526497,291
E07000220,Rugby,0.0,209.0,C:\Users\Frede\PycharmProjects\Aqueduct\data\0_raw\council_budget\Council_Budgets.xlsx,Worksheet 2: Revenue Account Budget (RA) 2025-26: Revenue Account data,2026-06-10 16:50:39.526497,292
E07000212,Runnymede,0.0,86.0,C:\Users\Frede\PycharmProjects\Aqueduct\data\0_raw\council_budget\Council_Budgets.xlsx,Worksheet 2: Revenue Account Budget (RA) 2025-26: Revenue Account data,2026-06-10 16:50:39.526497,293
E07000176,Rushcliffe,0.0,-749.0,C:\Users\Frede\PycharmProjects\Aqueduct\data\0_raw\council_budget\Council_Budgets.xlsx,Worksheet 2: Revenue Account Budget (RA) 2025-26: Revenue Account data,2026-06-10 16:50:39.526497,294
E07000092,Rushmoor,0.0,507.0,C:\Users\Frede\PycharmProjects\Aqueduct\data\0_raw\council_budget\Council_Budgets.xlsx,Worksheet 2: Revenue Account Budget (RA) 2025-26: Revenue Account data,2026-06-10 16:50:39.526497,295
E06000017,Rutland,22013.0,5398.0,C:\Users\Frede\PycharmProjects\Aqueduct\data\0_raw\council_budget\Council_Budgets.xlsx,Worksheet 2: Revenue Account Budget (RA) 2025-26: Revenue Account data,2026-06-10 16:50:39.526497,296
E08000006,Salford,287286.0,5875.0,C:\Users\Frede\PycharmProjects\Aqueduct\data\0_raw\council_budget\Council_Budgets.xlsx,Worksheet 2: Revenue Account Budget (RA) 2025-26: Revenue Account data,2026-06-10 16:50:39.526497,297
E08000028,Sandwell,359598.0,11175.0,C:\Users\Frede\PycharmProjects\Aqueduct\data\0_raw\council_budget\Council_Budgets.xlsx,Worksheet 2: Revenue Account Budget (RA) 2025-26: Revenue Account data,2026-06-10 16:50:39.526497,298
E08000014,Sefton,250503.0,7160.0,C:\Users\Frede\PycharmProjects\Aqueduct\data\0_raw\council_budget\Council_Budgets.xlsx,Worksheet 2: Revenue Account Budget (RA) 2025-26: Revenue Account data,2026-06-10 16:50:39.526497,299
E07000111,Sevenoaks,0.0,-2251.0,C:\Users\Frede\PycharmProjects\Aqueduct\data\0_raw\council_budget\Council_Budgets.xlsx,Worksheet 2: Revenue Account Budget (RA) 2025-26: Revenue Account data,2026-06-10 16:50:39.526497,300
E08000039,Sheffield,388579.0,70443.0,C:\Users\Frede\PycharmProjects\Aqueduct\data\0_raw\council_budget\Council_Budgets.xlsx,Worksheet 2: Revenue Account Budget (RA) 2025-26: Revenue Account data,2026-06-10 16:50:39.526497,301
E31000032,Shropshire Fire & Rescue Authority,0.0,0.0,C:\Users\Frede\PycharmProjects\Aqueduct\data\0_raw\council_budget\Council_Budgets.xlsx,Worksheet 2: Revenue Account Budget (RA) 2025-26: Revenue Account data,2026-06-10 16:50:39.526497,302
E06000051,Shropshire,171378.0,15180.0,C:\Users\Frede\PycharmProjects\Aqueduct\data\0_raw\council_budget\Council_Budgets.xlsx,Worksheet 2: Revenue Account Budget (RA) 2025-26: Revenue Account data,2026-06-10 16:50:39.526497,303
E06000039,Slough,,,C:\Users\Frede\PycharmProjects\Aqueduct\data\0_raw\council_budget\Council_Budgets.xlsx,Worksheet 2: Revenue Account Budget (RA) 2025-26: Revenue Account data,2026-06-10 16:50:39.526497,304
E08000029,Solihull,162753.0,12542.0,C:\Users\Frede\PycharmProjects\Aqueduct\data\0_raw\council_budget\Council_Budgets.xlsx,Worksheet 2: Revenue Account Budget (RA) 2025-26: Revenue Account data,2026-06-10 16:50:39.526497,305
E06000066,Somerset,288901.0,26600.0,C:\Users\Frede\PycharmProjects\Aqueduct\data\0_raw\council_budget\Council_Budgets.xlsx,Worksheet 2: Revenue Account Budget (RA) 2025-26: Revenue Account data,2026-06-10 16:50:39.526497,306
E07000012,South Cambridgeshire,0.0,191.0,C:\Users\Frede\PycharmProjects\Aqueduct\data\0_raw\council_budget\Council_Budgets.xlsx,Worksheet 2: Revenue Account Budget (RA) 2025-26: Revenue Account data,2026-06-10 16:50:39.526497,307
E07000039,South Derbyshire,0.0,104.0,C:\Users\Frede\PycharmProjects\Aqueduct\data\0_raw\council_budget\Council_Budgets.xlsx,Worksheet 2: Revenue Account Budget (RA) 2025-26: Revenue Account data,2026-06-10 16:50:39.526497,308
E26000010,South Downs National Park Authority,0.0,0.0,C:\Users\Frede\PycharmProjects\Aqueduct\data\0_raw\council_budget\Council_Budgets.xlsx,Worksheet 2: Revenue Account Budget (RA) 2025-26: Revenue Account data,2026-06-10 16:50:39.526497,309
E06000025,South Gloucestershire,204650.0,14338.0,C:\Users\Frede\PycharmProjects\Aqueduct\data\0_raw\council_budget\Council_Budgets.xlsx,Worksheet 2: Revenue Account Budget (RA) 2025-26: Revenue Account data,2026-06-10 16:50:39.526497,310
E07000044,South Hams,0.0,-2152.0,C:\Users\Frede\PycharmProjects\Aqueduct\data\0_raw\council_budget\Council_Budgets.xlsx,Worksheet 2: Revenue Account Budget (RA) 2025-26: Revenue Account data,2026-06-10 16:50:39.526497,311
E07000140,South Holland,0.0,-125.0,C:\Users\Frede\PycharmProjects\Aqueduct\data\0_raw\council_budget\Council_Budgets.xlsx,Worksheet 2: Revenue Account Budget (RA) 2025-26: Revenue Account data,2026-06-10 16:50:39.526497,312
E07000141,South Kesteven,0.0,-605.0,C:\Users\Frede\PycharmProjects\Aqueduct\data\0_raw\council_budget\Council_Budgets.xlsx,Worksheet 2: Revenue Account Budget (RA) 2025-26: Revenue Account data,2026-06-10 16:50:39.526497,313
E07000149,South Norfolk,0.0,43.0,C:\Users\Frede\PycharmProjects\Aqueduct\data\0_raw\council_budget\Council_Budgets.xlsx,Worksheet 2: Revenue Account Budget (RA) 2025-26: Revenue Account data,2026-06-10 16:50:39.526497,314
E07000179,South Oxfordshire,0.0,-369.0,C:\Users\Frede\PycharmProjects\Aqueduct\data\0_raw\council_budget\Council_Budgets.xlsx,Worksheet 2: Revenue Account Budget (RA) 2025-26: Revenue Account data,2026-06-10 16:50:39.526497,315
E07000126,South Ribble,0.0,47.0,C:\Users\Frede\PycharmProjects\Aqueduct\data\0_raw\council_budget\Council_Budgets.xlsx,Worksheet 2: Revenue Account Budget (RA) 2025-26: Revenue Account data,2026-06-10 16:50:39.526497,316
E07000196,South Staffordshire,0.0,173.0,C:\Users\Frede\PycharmProjects\Aqueduct\data\0_raw\council_budget\Council_Budgets.xlsx,Worksheet 2: Revenue Account Budget (RA) 2025-26: Revenue Account data,2026-06-10 16:50:39.526497,317
E08000023,South Tyneside,160713.0,8451.0,C:\Users\Frede\PycharmProjects\Aqueduct\data\0_raw\council_budget\Council_Budgets.xlsx,Worksheet 2: Revenue Account Budget (RA) 2025-26: Revenue Account data,2026-06-10 16:50:39.526497,318
E31000042,South Yorkshire Fire & Rescue Authority,0.0,0.0,C:\Users\Frede\PycharmProjects\Aqueduct\data\0_raw\council_budget\Council_Budgets.xlsx,Worksheet 2: Revenue Account Budget (RA) 2025-26: Revenue Account data,2026-06-10 16:50:39.526497,319
E47000002,South Yorkshire Mayoral Combined Authority,73316.0,94973.0,C:\Users\Frede\PycharmProjects\Aqueduct\data\0_raw\council_budget\Council_Budgets.xlsx,Worksheet 2: Revenue Account Budget (RA) 2025-26: Revenue Account data,2026-06-10 16:50:39.526497,320
E06000045,Southampton,234884.0,8441.0,C:\Users\Frede\PycharmProjects\Aqueduct\data\0_raw\council_budget\Council_Budgets.xlsx,Worksheet 2: Revenue Account Budget (RA) 2025-26: Revenue Account data,2026-06-10 16:50:39.526497,321
E06000033,Southend-on-Sea,90779.0,3740.0,C:\Users\Frede\PycharmProjects\Aqueduct\data\0_raw\council_budget\Council_Budgets.xlsx,Worksheet 2: Revenue Account Budget (RA) 2025-26: Revenue Account data,2026-06-10 16:50:39.526497,322
E09000028,Southwark,262094.0,14720.0,C:\Users\Frede\PycharmProjects\Aqueduct\data\0_raw\council_budget\Council_Budgets.xlsx,Worksheet 2: Revenue Account Budget (RA) 2025-26: Revenue Account data,2026-06-10 16:50:39.526497,323
E07000213,Spelthorne,0.0,-280.0,C:\Users\Frede\PycharmProjects\Aqueduct\data\0_raw\council_budget\Council_Budgets.xlsx,Worksheet 2: Revenue Account Budget (RA) 2025-26: Revenue Account data,2026-06-10 16:50:39.526497,324
E07000240,St Albans,0.0,-2986.0,C:\Users\Frede\PycharmProjects\Aqueduct\data\0_raw\council_budget\Council_Budgets.xlsx,Worksheet 2: Revenue Account Budget (RA) 2025-26: Revenue Account data,2026-06-10 16:50:39.526497,325
E08000013,St Helens,171313.0,6726.0,C:\Users\Frede\PycharmProjects\Aqueduct\data\0_raw\council_budget\Council_Budgets.xlsx,Worksheet 2: Revenue Account Budget (RA) 2025-26: Revenue Account data,2026-06-10 16:50:39.526497,326
E07000197,Stafford,0.0,423.0,C:\Users\Frede\PycharmProjects\Aqueduct\data\0_raw\council_budget\Council_Budgets.xlsx,Worksheet 2: Revenue Account Budget (RA) 2025-26: Revenue Account data,2026-06-10 16:50:39.526497,327
E10000028,Staffordshire,491610.0,66389.0,C:\Users\Frede\PycharmProjects\Aqueduct\data\0_raw\council_budget\Council_Budgets.xlsx,Worksheet 2: Revenue Account Budget (RA) 2025-26: Revenue Account data,2026-06-10 16:50:39.526497,328
E31000033,"Staffordshire Police, Fire and Crime Commissioner - Fire",0.0,0.0,C:\Users\Frede\PycharmProjects\Aqueduct\data\0_raw\council_budget\Council_Budgets.xlsx,Worksheet 2: Revenue Account Budget (RA) 2025-26: Revenue Account data,2026-06-10 16:50:39.526497,329
E07000198,Staffordshire Moorlands,0.0,-335.0,C:\Users\Frede\PycharmProjects\Aqueduct\data\0_raw\council_budget\Council_Budgets.xlsx,Worksheet 2: Revenue Account Budget (RA) 2025-26: Revenue Account data,2026-06-10 16:50:39.526497,330
E23000015,"Staffordshire Police, Fire and Crime Commissioner - Police",0.0,0.0,C:\Users\Frede\PycharmProjects\Aqueduct\data\0_raw\council_budget\Council_Budgets.xlsx,Worksheet 2: Revenue Account Budget (RA) 2025-26: Revenue Account data,2026-06-10 16:50:39.526497,331
E07000243,Stevenage,0.0,-1698.0,C:\Users\Frede\PycharmProjects\Aqueduct\data\0_raw\council_budget\Council_Budgets.xlsx,Worksheet 2: Revenue Account Budget (RA) 2025-26: Revenue Account data,2026-06-10 16:50:39.526497,332
E08000007,Stockport,302930.0,9050.0,C:\Users\Frede\PycharmProjects\Aqueduct\data\0_raw\council_budget\Council_Budgets.xlsx,Worksheet 2: Revenue Account Budget (RA) 2025-26: Revenue Account data,2026-06-10 16:50:39.526497,333
E06000004,Stockton-on-Tees,126626.0,12978.0,C:\Users\Frede\PycharmProjects\Aqueduct\data\0_raw\council_budget\Council_Budgets.xlsx,Worksheet 2: Revenue Account Budget (RA) 2025-26: Revenue Account data,2026-06-10 16:50:39.526497,334
E06000021,Stoke-on-Trent,135984.0,15052.0,C:\Users\Frede\PycharmProjects\Aqueduct\data\0_raw\council_budget\Council_Budgets.xlsx,Worksheet 2: Revenue Account Budget (RA) 2025-26: Revenue Account data,2026-06-10 16:50:39.526497,335
E07000221,Stratford-on-Avon,0.0,-1446.0,C:\Users\Frede\PycharmProjects\Aqueduct\data\0_raw\council_budget\Council_Budgets.xlsx,Worksheet 2: Revenue Account Budget (RA) 2025-26: Revenue Account data,2026-06-10 16:50:39.526497,336
E07000082,Stroud,0.0,-258.0,C:\Users\Frede\PycharmProjects\Aqueduct\data\0_raw\council_budget\Council_Budgets.xlsx,Worksheet 2: Revenue Account Budget (RA) 2025-26: Revenue Account data,2026-06-10 16:50:39.526497,337
E10000029,Suffolk,455547.0,43822.0,C:\Users\Frede\PycharmProjects\Aqueduct\data\0_raw\council_budget\Council_Budgets.xlsx,Worksheet 2: Revenue Account Budget (RA) 2025-26: Revenue Account data,2026-06-10 16:50:39.526497,338
E23000025,Suffolk Police and Crime Commissioner,0.0,0.0,C:\Users\Frede\PycharmProjects\Aqueduct\data\0_raw\council_budget\Council_Budgets.xlsx,Worksheet 2: Revenue Account Budget (RA) 2025-26: Revenue Account data,2026-06-10 16:50:39.526497,339
E08000024,Sunderland,150835.0,15886.0,C:\Users\Frede\PycharmProjects\Aqueduct\data\0_raw\council_budget\Council_Budgets.xlsx,Worksheet 2: Revenue Account Budget (RA) 2025-26: Revenue Account data,2026-06-10 16:50:39.526497,340
E10000030,Surrey,849501.0,102065.0,C:\Users\Frede\PycharmProjects\Aqueduct\data\0_raw\council_budget\Council_Budgets.xlsx,Worksheet 2: Revenue Account Budget (RA) 2025-26: Revenue Account data,2026-06-10 16:50:39.526497,341
E07000214,Surrey Heath,0.0,-318.0,C:\Users\Frede\PycharmProjects\Aqueduct\data\0_raw\council_budget\Council_Budgets.xlsx,Worksheet 2: Revenue Account Budget (RA) 2025-26: Revenue Account data,2026-06-10 16:50:39.526497,342
E23000031,Surrey Police and Crime Commissioner,0.0,0.0,C:\Users\Frede\PycharmProjects\Aqueduct\data\0_raw\council_budget\Council_Budgets.xlsx,Worksheet 2: Revenue Account Budget (RA) 2025-26: Revenue Account data,2026-06-10 16:50:39.526497,343
E23000033,Sussex Police and Crime Commissioner,0.0,0.0,C:\Users\Frede\PycharmProjects\Aqueduct\data\0_raw\council_budget\Council_Budgets.xlsx,Worksheet 2: Revenue Account Budget (RA) 2025-26: Revenue Account data,2026-06-10 16:50:39.526497,344
E09000029,Sutton,160489.0,8237.0,C:\Users\Frede\PycharmProjects\Aqueduct\data\0_raw\council_budget\Council_Budgets.xlsx,Worksheet 2: Revenue Account Budget (RA) 2025-26: Revenue Account data,2026-06-10 16:50:39.526497,345
E07000113,Swale,0.0,-1164.0,C:\Users\Frede\PycharmProjects\Aqueduct\data\0_raw\council_budget\Council_Budgets.xlsx,Worksheet 2: Revenue Account Budget (RA) 2025-26: Revenue Account data,2026-06-10 16:50:39.526497,346
E06000030,Swindon,123218.0,6499.0,C:\Users\Frede\PycharmProjects\Aqueduct\data\0_raw\council_budget\Council_Budgets.xlsx,Worksheet 2: Revenue Account Budget (RA) 2025-26: Revenue Account data,2026-06-10 16:50:39.526497,347
E08000008,Tameside,201248.0,7123.0,C:\Users\Frede\PycharmProjects\Aqueduct\data\0_raw\council_budget\Council_Budgets.xlsx,Worksheet 2: Revenue Account Budget (RA) 2025-26: Revenue Account data,2026-06-10 16:50:39.526497,348
E07000199,Tamworth,0.0,-629.0,C:\Users\Frede\PycharmProjects\Aqueduct\data\0_raw\council_budget\Council_Budgets.xlsx,Worksheet 2: Revenue Account Budget (RA) 2025-26: Revenue Account data,2026-06-10 16:50:39.526497,349
E07000215,Tandridge,0.0,34.0,C:\Users\Frede\PycharmProjects\Aqueduct\data\0_raw\council_budget\Council_Budgets.xlsx,Worksheet 2: Revenue Account Budget (RA) 2025-26: Revenue Account data,2026-06-10 16:50:39.526497,350
E47000006,Tees Valley Combined Authority,39094.0,4673.0,C:\Users\Frede\PycharmProjects\Aqueduct\data\0_raw\council_budget\Council_Budgets.xlsx,Worksheet 2: Revenue Account Budget (RA) 2025-26: Revenue Account data,2026-06-10 16:50:39.526497,351
E07000045,Teignbridge,0.0,-3540.0,C:\Users\Frede\PycharmProjects\Aqueduct\data\0_raw\council_budget\Council_Budgets.xlsx,Worksheet 2: Revenue Account Budget (RA) 2025-26: Revenue Account data,2026-06-10 16:50:39.526497,352
E06000020,Telford & Wrekin,157128.0,6573.0,C:\Users\Frede\PycharmProjects\Aqueduct\data\0_raw\council_budget\Council_Budgets.xlsx,Worksheet 2: Revenue Account Budget (RA) 2025-26: Revenue Account data,2026-06-10 16:50:39.526497,353
E07000076,Tendring,0.0,212.0,C:\Users\Frede\PycharmProjects\Aqueduct\data\0_raw\council_budget\Council_Budgets.xlsx,Worksheet 2: Revenue Account Budget (RA) 2025-26: Revenue Account data,2026-06-10 16:50:39.526497,354
E07000093,Test Valley,0.0,115.0,C:\Users\Frede\PycharmProjects\Aqueduct\data\0_raw\council_budget\Council_Budgets.xlsx,Worksheet 2: Revenue Account Budget (RA) 2025-26: Revenue Account data,2026-06-10 16:50:39.526497,355
E07000083,Tewkesbury,0.0,-548.0,C:\Users\Frede\PycharmProjects\Aqueduct\data\0_raw\council_budget\Council_Budgets.xlsx,Worksheet 2: Revenue Account Budget (RA) 2025-26: Revenue Account data,2026-06-10 16:50:39.526497,356
E23000029,Thames Valley Police and Crime Commissioner,0.0,0.0,C:\Users\Frede\PycharmProjects\Aqueduct\data\0_raw\council_budget\Council_Budgets.xlsx,Worksheet 2: Revenue Account Budget (RA) 2025-26: Revenue Account data,2026-06-10 16:50:39.526497,357
E07000114,Thanet,0.0,-1340.0,C:\Users\Frede\PycharmProjects\Aqueduct\data\0_raw\council_budget\Council_Budgets.xlsx,Worksheet 2: Revenue Account Budget (RA) 2025-26: Revenue Account data,2026-06-10 16:50:39.526497,358
E26000007,The Broads Authority,0.0,0.0,C:\Users\Frede\PycharmProjects\Aqueduct\data\0_raw\council_budget\Council_Budgets.xlsx,Worksheet 2: Revenue Account Budget (RA) 2025-26: Revenue Account data,2026-06-10 16:50:39.526497,359
E47000004,Liverpool City Region Combined Authority,79973.0,244743.0,C:\Users\Frede\PycharmProjects\Aqueduct\data\0_raw\council_budget\Council_Budgets.xlsx,Worksheet 2: Revenue Account Budget (RA) 2025-26: Revenue Account data,2026-06-10 16:50:39.526497,360
E47000003,West Yorkshire Combined Authority,91714.0,142309.0,C:\Users\Frede\PycharmProjects\Aqueduct\data\0_raw\council_budget\Council_Budgets.xlsx,Worksheet 2: Revenue Account Budget (RA) 2025-26: Revenue Account data,2026-06-10 16:50:39.526497,361
E07000102,Three Rivers,0.0,577.0,C:\Users\Frede\PycharmProjects\Aqueduct\data\0_raw\council_budget\Council_Budgets.xlsx,Worksheet 2: Revenue Account Budget (RA) 2025-26: Revenue Account data,2026-06-10 16:50:39.526497,362
E06000034,Thurrock,,,C:\Users\Frede\PycharmProjects\Aqueduct\data\0_raw\council_budget\Council_Budgets.xlsx,Worksheet 2: Revenue Account Budget (RA) 2025-26: Revenue Account data,2026-06-10 16:50:39.526497,363
E07000115,Tonbridge & Malling,0.0,-1431.0,C:\Users\Frede\PycharmProjects\Aqueduct\data\0_raw\council_budget\Council_Budgets.xlsx,Worksheet 2: Revenue Account Budget (RA) 2025-26: Revenue Account data,2026-06-10 16:50:39.526497,364
E06000027,Torbay,80649.0,8906.0,C:\Users\Frede\PycharmProjects\Aqueduct\data\0_raw\council_budget\Council_Budgets.xlsx,Worksheet 2: Revenue Account Budget (RA) 2025-26: Revenue Account data,2026-06-10 16:50:39.526497,365
E07000046,Torridge,0.0,-817.0,C:\Users\Frede\PycharmProjects\Aqueduct\data\0_raw\council_budget\Council_Budgets.xlsx,Worksheet 2: Revenue Account Budget (RA) 2025-26: Revenue Account data,2026-06-10 16:50:39.526497,366
E09000030,Tower Hamlets,543913.0,-1685.0,C:\Users\Frede\PycharmProjects\Aqueduct\data\0_raw\council_budget\Council_Budgets.xlsx,Worksheet 2: Revenue Account Budget (RA) 2025-26: Revenue Account data,2026-06-10 16:50:39.526497,367
E08000009,Trafford,251524.0,5479.0,C:\Users\Frede\PycharmProjects\Aqueduct\data\0_raw\council_budget\Council_Budgets.xlsx,Worksheet 2: Revenue Account Budget (RA) 2025-26: Revenue Account data,2026-06-10 16:50:39.526497,368
E07000116,Tunbridge Wells,0.0,-2900.0,C:\Users\Frede\PycharmProjects\Aqueduct\data\0_raw\council_budget\Council_Budgets.xlsx,Worksheet 2: Revenue Account Budget (RA) 2025-26: Revenue Account data,2026-06-10 16:50:39.526497,369
E31000043,Tyne and Wear Fire and Rescue Authority,0.0,0.0,C:\Users\Frede\PycharmProjects\Aqueduct\data\0_raw\council_budget\Council_Budgets.xlsx,Worksheet 2: Revenue Account Budget (RA) 2025-26: Revenue Account data,2026-06-10 16:50:39.526497,370
E07000077,Uttlesford,0.0,-857.0,C:\Users\Frede\PycharmProjects\Aqueduct\data\0_raw\council_budget\Council_Budgets.xlsx,Worksheet 2: Revenue Account Budget (RA) 2025-26: Revenue Account data,2026-06-10 16:50:39.526497,371
E07000180,Vale of White Horse,0.0,65.0,C:\Users\Frede\PycharmProjects\Aqueduct\data\0_raw\council_budget\Council_Budgets.xlsx,Worksheet 2: Revenue Account Budget (RA) 2025-26: Revenue Account data,2026-06-10 16:50:39.526497,372
E08000036,Wakefield,224272.0,8777.0,C:\Users\Frede\PycharmProjects\Aqueduct\data\0_raw\council_budget\Council_Budgets.xlsx,Worksheet 2: Revenue Account Budget (RA) 2025-26: Revenue Account data,2026-06-10 16:50:39.526497,373
E08000030,Walsall,269341.0,21423.0,C:\Users\Frede\PycharmProjects\Aqueduct\data\0_raw\council_budget\Council_Budgets.xlsx,Worksheet 2: Revenue Account Budget (RA) 2025-26: Revenue Account data,2026-06-10 16:50:39.526497,374
E09000031,Waltham Forest,304687.0,9190.0,C:\Users\Frede\PycharmProjects\Aqueduct\data\0_raw\council_budget\Council_Budgets.xlsx,Worksheet 2: Revenue Account Budget (RA) 2025-26: Revenue Account data,2026-06-10 16:50:39.526497,375
E09000032,Wandsworth,,,C:\Users\Frede\PycharmProjects\Aqueduct\data\0_raw\council_budget\Council_Budgets.xlsx,Worksheet 2: Revenue Account Budget (RA) 2025-26: Revenue Account data,2026-06-10 16:50:39.526497,376
E06000007,Warrington,153810.0,10540.0,C:\Users\Frede\PycharmProjects\Aqueduct\data\0_raw\council_budget\Council_Budgets.xlsx,Worksheet 2: Revenue Account Budget (RA) 2025-26: Revenue Account data,2026-06-10 16:50:39.526497,377
E07000222,Warwick,0.0,-2644.0,C:\Users\Frede\PycharmProjects\Aqueduct\data\0_raw\council_budget\Council_Budgets.xlsx,Worksheet 2: Revenue Account Budget (RA) 2025-26: Revenue Account data,2026-06-10 16:50:39.526497,378
E10000031,Warwickshire,428468.0,39354.0,C:\Users\Frede\PycharmProjects\Aqueduct\data\0_raw\council_budget\Council_Budgets.xlsx,Worksheet 2: Revenue Account Budget (RA) 2025-26: Revenue Account data,2026-06-10 16:50:39.526497,379
E23000017,Warwickshire Police and Crime Commissioner,0.0,0.0,C:\Users\Frede\PycharmProjects\Aqueduct\data\0_raw\council_budget\Council_Budgets.xlsx,Worksheet 2: Revenue Account Budget (RA) 2025-26: Revenue Account data,2026-06-10 16:50:39.526497,380
E07000103,Watford,0.0,989.0,C:\Users\Frede\PycharmProjects\Aqueduct\data\0_raw\council_budget\Council_Budgets.xlsx,Worksheet 2: Revenue Account Budget (RA) 2025-26: Revenue Account data,2026-06-10 16:50:39.526497,381
E07000216,Waverley,0.0,-4417.0,C:\Users\Frede\PycharmProjects\Aqueduct\data\0_raw\council_budget\Council_Budgets.xlsx,Worksheet 2: Revenue Account Budget (RA) 2025-26: Revenue Account data,2026-06-10 16:50:39.526497,382
E07000065,Wealden,0.0,458.0,C:\Users\Frede\PycharmProjects\Aqueduct\data\0_raw\council_budget\Council_Budgets.xlsx,Worksheet 2: Revenue Account Budget (RA) 2025-26: Revenue Account data,2026-06-10 16:50:39.526497,383
E07000241,Welwyn Hatfield,0.0,-2706.0,C:\Users\Frede\PycharmProjects\Aqueduct\data\0_raw\council_budget\Council_Budgets.xlsx,Worksheet 2: Revenue Account Budget (RA) 2025-26: Revenue Account data,2026-06-10 16:50:39.526497,384
E06000037,West Berkshire,164305.0,4710.0,C:\Users\Frede\PycharmProjects\Aqueduct\data\0_raw\council_budget\Council_Budgets.xlsx,Worksheet 2: Revenue Account Budget (RA) 2025-26: Revenue Account data,2026-06-10 16:50:39.526497,385
E07000047,West Devon,0.0,-236.0,C:\Users\Frede\PycharmProjects\Aqueduct\data\0_raw\council_budget\Council_Budgets.xlsx,Worksheet 2: Revenue Account Budget (RA) 2025-26: Revenue Account data,2026-06-10 16:50:39.526497,386
E07000127,West Lancashire,0.0,-594.0,C:\Users\Frede\PycharmProjects\Aqueduct\data\0_raw\council_budget\Council_Budgets.xlsx,Worksheet 2: Revenue Account Budget (RA) 2025-26: Revenue Account data,2026-06-10 16:50:39.526497,387
E07000142,West Lindsey,0.0,17.0,C:\Users\Frede\PycharmProjects\Aqueduct\data\0_raw\council_budget\Council_Budgets.xlsx,Worksheet 2: Revenue Account Budget (RA) 2025-26: Revenue Account data,2026-06-10 16:50:39.526497,388
E50000003,West London Waste Authority,0.0,0.0,C:\Users\Frede\PycharmProjects\Aqueduct\data\0_raw\council_budget\Council_Budgets.xlsx,Worksheet 2: Revenue Account Budget (RA) 2025-26: Revenue Account data,2026-06-10 16:50:39.526497,389
E23000016,West Mercia Police and Crime Commissioner,0.0,0.0,C:\Users\Frede\PycharmProjects\Aqueduct\data\0_raw\council_budget\Council_Budgets.xlsx,Worksheet 2: Revenue Account Budget (RA) 2025-26: Revenue Account data,2026-06-10 16:50:39.526497,390
E47000007,West Midlands Combined Authority,139633.0,240822.0,C:\Users\Frede\PycharmProjects\Aqueduct\data\0_raw\council_budget\Council_Budgets.xlsx,Worksheet 2: Revenue Account Budget (RA) 2025-26: Revenue Account data,2026-06-10 16:50:39.526497,391
E31000044,West Midlands Fire and Rescue Authority,0.0,0.0,C:\Users\Frede\PycharmProjects\Aqueduct\data\0_raw\council_budget\Council_Budgets.xlsx,Worksheet 2: Revenue Account Budget (RA) 2025-26: Revenue Account data,2026-06-10 16:50:39.526497,392
E23000014,West Midlands Police,0.0,0.0,C:\Users\Frede\PycharmProjects\Aqueduct\data\0_raw\council_budget\Council_Budgets.xlsx,Worksheet 2: Revenue Account Budget (RA) 2025-26: Revenue Account data,2026-06-10 16:50:39.526497,393
E06000062,West Northamptonshire,266595.0,18771.0,C:\Users\Frede\PycharmProjects\Aqueduct\data\0_raw\council_budget\Council_Budgets.xlsx,Worksheet 2: Revenue Account Budget (RA) 2025-26: Revenue Account data,2026-06-10 16:50:39.526497,394
E47000009,West of England Combined Authority,39009.0,56799.0,C:\Users\Frede\PycharmProjects\Aqueduct\data\0_raw\council_budget\Council_Budgets.xlsx,Worksheet 2: Revenue Account Budget (RA) 2025-26: Revenue Account data,2026-06-10 16:50:39.526497,395
E07000181,West Oxfordshire,0.0,254.0,C:\Users\Frede\PycharmProjects\Aqueduct\data\0_raw\council_budget\Council_Budgets.xlsx,Worksheet 2: Revenue Account Budget (RA) 2025-26: Revenue Account data,2026-06-10 16:50:39.526497,396
E07000245,West Suffolk,0.0,-2689.0,C:\Users\Frede\PycharmProjects\Aqueduct\data\0_raw\council_budget\Council_Budgets.xlsx,Worksheet 2: Revenue Account Budget (RA) 2025-26: Revenue Account data,2026-06-10 16:50:39.526497,397
E10000032,West Sussex,717387.0,70244.0,C:\Users\Frede\PycharmProjects\Aqueduct\data\0_raw\council_budget\Council_Budgets.xlsx,Worksheet 2: Revenue Account Budget (RA) 2025-26: Revenue Account data,2026-06-10 16:50:39.526497,398
E31000045,West Yorkshire Fire & Rescue Authority,0.0,0.0,C:\Users\Frede\PycharmProjects\Aqueduct\data\0_raw\council_budget\Council_Budgets.xlsx,Worksheet 2: Revenue Account Budget (RA) 2025-26: Revenue Account data,2026-06-10 16:50:39.526497,399
E23000010,West Yorkshire Police and Crime Commissioner,0.0,0.0,C:\Users\Frede\PycharmProjects\Aqueduct\data\0_raw\council_budget\Council_Budgets.xlsx,Worksheet 2: Revenue Account Budget (RA) 2025-26: Revenue Account data,2026-06-10 16:50:39.526497,400
E50000004,Western Riverside Waste Authority,0.0,0.0,C:\Users\Frede\PycharmProjects\Aqueduct\data\0_raw\council_budget\Council_Budgets.xlsx,Worksheet 2: Revenue Account Budget (RA) 2025-26: Revenue Account data,2026-06-10 16:50:39.526497,401
E09000033,Westminster,128468.0,-55517.0,C:\Users\Frede\PycharmProjects\Aqueduct\data\0_raw\council_budget\Council_Budgets.xlsx,Worksheet 2: Revenue Account Budget (RA) 2025-26: Revenue Account data,2026-06-10 16:50:39.526497,402
E06000064,Westmorland and Furness,191370.0,22973.0,C:\Users\Frede\PycharmProjects\Aqueduct\data\0_raw\council_budget\Council_Budgets.xlsx,Worksheet 2: Revenue Account Budget (RA) 2025-26: Revenue Account data,2026-06-10 16:50:39.526497,403
E08000010,Wigan,336009.0,8455.0,C:\Users\Frede\PycharmProjects\Aqueduct\data\0_raw\council_budget\Council_Budgets.xlsx,Worksheet 2: Revenue Account Budget (RA) 2025-26: Revenue Account data,2026-06-10 16:50:39.526497,404
E23000038,Wiltshire Police and Crime Commissioner,0.0,0.0,C:\Users\Frede\PycharmProjects\Aqueduct\data\0_raw\council_budget\Council_Budgets.xlsx,Worksheet 2: Revenue Account Budget (RA) 2025-26: Revenue Account data,2026-06-10 16:50:39.526497,405
E06000054,Wiltshire,388788.0,32471.0,C:\Users\Frede\PycharmProjects\Aqueduct\data\0_raw\council_budget\Council_Budgets.xlsx,Worksheet 2: Revenue Account Budget (RA) 2025-26: Revenue Account data,2026-06-10 16:50:39.526497,406
E07000094,Winchester,0.0,-2792.0,C:\Users\Frede\PycharmProjects\Aqueduct\data\0_raw\council_budget\Council_Budgets.xlsx,Worksheet 2: Revenue Account Budget (RA) 2025-26: Revenue Account data,2026-06-10 16:50:39.526497,407
E06000040,Windsor & Maidenhead,98907.0,2951.0,C:\Users\Frede\PycharmProjects\Aqueduct\data\0_raw\council_budget\Council_Budgets.xlsx,Worksheet 2: Revenue Account Budget (RA) 2025-26: Revenue Account data,2026-06-10 16:50:39.526497,408
E08000015,Wirral,294122.0,10780.0,C:\Users\Frede\PycharmProjects\Aqueduct\data\0_raw\council_budget\Council_Budgets.xlsx,Worksheet 2: Revenue Account Budget (RA) 2025-26: Revenue Account data,2026-06-10 16:50:39.526497,409
E07000217,Woking,0.0,-1740.0,C:\Users\Frede\PycharmProjects\Aqueduct\data\0_raw\council_budget\Council_Budgets.xlsx,Worksheet 2: Revenue Account Budget (RA) 2025-26: Revenue Account data,2026-06-10 16:50:39.526497,410
E06000041,Wokingham,142960.0,13672.0,C:\Users\Frede\PycharmProjects\Aqueduct\data\0_raw\council_budget\Council_Budgets.xlsx,Worksheet 2: Revenue Account Budget (RA) 2025-26: Revenue Account data,2026-06-10 16:50:39.526497,411
E08000031,Wolverhampton,205601.0,10620.0,C:\Users\Frede\PycharmProjects\Aqueduct\data\0_raw\council_budget\Council_Budgets.xlsx,Worksheet 2: Revenue Account Budget (RA) 2025-26: Revenue Account data,2026-06-10 16:50:39.526497,412
E07000237,Worcester,0.0,-2161.0,C:\Users\Frede\PycharmProjects\Aqueduct\data\0_raw\council_budget\Council_Budgets.xlsx,Worksheet 2: Revenue Account Budget (RA) 2025-26: Revenue Account data,2026-06-10 16:50:39.526497,413
E10000034,Worcestershire,379575.0,36062.0,C:\Users\Frede\PycharmProjects\Aqueduct\data\0_raw\council_budget\Council_Budgets.xlsx,Worksheet 2: Revenue Account Budget (RA) 2025-26: Revenue Account data,2026-06-10 16:50:39.526497,414
E07000229,Worthing,0.0,-1778.0,C:\Users\Frede\PycharmProjects\Aqueduct\data\0_raw\council_budget\Council_Budgets.xlsx,Worksheet 2: Revenue Account Budget (RA) 2025-26: Revenue Account data,2026-06-10 16:50:39.526497,415
E07000238,Wychavon,0.0,-468.0,C:\Users\Frede\PycharmProjects\Aqueduct\data\0_raw\council_budget\Council_Budgets.xlsx,Worksheet 2: Revenue Account Budget (RA) 2025-26: Revenue Account data,2026-06-10 16:50:39.526497,416
E07000128,Wyre,0.0,417.0,C:\Users\Frede\PycharmProjects\Aqueduct\data\0_raw\council_budget\Council_Budgets.xlsx,Worksheet 2: Revenue Account Budget (RA) 2025-26: Revenue Account data,2026-06-10 16:50:39.526497,417
E07000239,Wyre Forest,0.0,765.0,C:\Users\Frede\PycharmProjects\Aqueduct\data\0_raw\council_budget\Council_Budgets.xlsx,Worksheet 2: Revenue Account Budget (RA) 2025-26: Revenue Account data,2026-06-10 16:50:39.526497,418
E47000012,York & North Yorkshire Mayoral Combined Authority,27518.0,80960.0,C:\Users\Frede\PycharmProjects\Aqueduct\data\0_raw\council_budget\Council_Budgets.xlsx,Worksheet 2: Revenue Account Budget (RA) 2025-26: Revenue Account data,2026-06-10 16:50:39.526497,419
E06000014,York,107416.0,4907.0,C:\Users\Frede\PycharmProjects\Aqueduct\data\0_raw\council_budget\Council_Budgets.xlsx,Worksheet 2: Revenue Account Budget (RA) 2025-26: Revenue Account data,2026-06-10 16:50:39.526497,420
E26000012,Yorkshire Dales National Park Authority,0.0,-744.0,C:\Users\Frede\PycharmProjects\Aqueduct\data\0_raw\council_budget\Council_Budgets.xlsx,Worksheet 2: Revenue Account Budget (RA) 2025-26: Revenue Account data,2026-06-10 16:50:39.526497,421
E92000001,ENGLAND,45778529.1056177,5992900.88184284,C:\Users\Frede\PycharmProjects\Aqueduct\data\0_raw\council_budget\Council_Budgets.xlsx,Worksheet 2: Revenue Account Budget (RA) 2025-26: Revenue Account data,2026-06-10 16:50:39.526497,422
